district,domestic_to_foreign_tourist_ratio
Nirmal,6657898
"Jangaon ",413140
Adilabad,228799.21875
Mancherial,86724.2
Narayanpet,77850
Nizamabad,23229.4
"Jayashankar Bhoopalpally",15681.202076677317
"Nagarkurnool ",9756.051248357424
Mahbubnagar,7528.535495179667
"Jogulamba Gadwal ",7209.883597883598
"Warangal (Urban)",3483.3468994445075
Mulugu,3164.8695652173915
"Warangal (Rural)",2677
Hyderabad,80.29583748844385
"Bhadradri Kothagudem ",NULL
"Jagtial ",NULL
"Kamareddy ",NULL
"Karimnagar ",NULL
Khammam,NULL
"Komaram Bheem Asifabad",NULL
"Mahabubabad ",NULL
"Medak ",NULL
Nalgonda,NULL
"Medchal ",NULL
Peddapalli,NULL
"Rajanna Sircilla ",NULL
"Ranga Reddy",NULL
"Sangareddy ",NULL
Siddipet,NULL
Suryapet,NULL
Vikarabad,NULL
"Wanaparthy ",NULL
"Yadadri Bhongir",NULL
