district,total_domestic_visitors_in_2016,total_domestic_visitors_in_2019,CAGR
Mancherial,7802,269810,225.8
"Warangal (Rural)",19400,353500,163.15
"Bhadradri Kothagudem ",889030,12817737,143.39
Siddipet,358400,2987864,102.77
"Jangaon ",40660,328890,100.74
"Rajanna Sircilla ",2176801,16832897,97.75
Nizamabad,6442,46333,93.03
"Sangareddy ",778000,4553160,80.21
Peddapalli,3244,16581,72.26
"Wanaparthy ",60138,298639,70.61
"Jagtial ",623077,3086115,70.46
"Kamareddy ",127,534,61.4
Nirmal,916610,3816778,60.88
"Jogulamba Gadwal ",523401,2007995,56.55
"Nagarkurnool ",588473,2093312,52.65
"Jayashankar Bhoopalpally",243400,662530,39.62
"Yadadri Bhongir",1728600,4489374,37.46
"Medak ",3463200,5452570,16.33
"Mahabubabad ",140002,152885,2.98
Hyderabad,23394705,13802362,-16.13
Mahbubnagar,8304766,2534815,-32.67
Khammam,5005031,1413440,-34.39
Adilabad,5075557,775895,-46.53
"Warangal (Urban)",25788035,1795230,-58.86
Nalgonda,5858461,140918,-71.13
"Karimnagar ",9167468,77491,-79.63
"Medchal ",0,0,NULL
"Komaram Bheem Asifabad",0,19189,NULL
Suryapet,0,0,NULL
Vikarabad,0,0,NULL
"Ranga Reddy",0,0,NULL
Mulugu,0,1819800,NULL
Narayanpet,0,389250,NULL
