DISTRICT,DATE,MONTH,YEAR,VISITORS
Adilabad,2016-01-01,January,2016,"792136"
Adilabad,2016-02-01,February,2016,"937820"
Adilabad,2016-03-01,March,2016,"582946"
Adilabad,2016-04-01,April,2016,"341948"
Adilabad,2016-05-01,May,2016,"252887"
Adilabad,2016-06-01,June,2016,"368237"
Adilabad,2016-07-01,July,2016,"447562"
Adilabad,2016-08-01,August,2016,"614285"
Adilabad,2016-09-01,September,2016,"491279"
Adilabad,2016-10-01,October,2016,"94184"
Adilabad,2016-11-01,November,2016,"99148"
Adilabad,2016-12-01,December,2016,"53125"
"Bhadradri Kothagudem ",2016-01-01,January,2016,0
"Bhadradri Kothagudem ",2016-02-01,February,2016,0
"Bhadradri Kothagudem ",2016-03-01,March,2016,0
"Bhadradri Kothagudem ",2016-04-01,April,2016,0
"Bhadradri Kothagudem ",2016-05-01,May,2016,0
"Bhadradri Kothagudem ",2016-06-01,June,2016,0
"Bhadradri Kothagudem ",2016-07-01,July,2016,0
"Bhadradri Kothagudem ",2016-08-01,August,2016,0
"Bhadradri Kothagudem ",2016-09-01,September,2016,0
"Bhadradri Kothagudem ",2016-10-01,October,2016,"310133"
"Bhadradri Kothagudem ",2016-11-01,November,2016,"252127"
"Bhadradri Kothagudem ",2016-12-01,December,2016,"326770"
Hyderabad,2016-01-01,January,2016,"1122510"
Hyderabad,2016-02-01,February,2016,"778748"
Hyderabad,2016-03-01,March,2016,"1017794"
Hyderabad,2016-04-01,April,2016,"1127738"
Hyderabad,2016-05-01,May,2016,"1287181"
Hyderabad,2016-06-01,June,2016,"12032661"
Hyderabad,2016-07-01,July,2016,"1096754"
Hyderabad,2016-08-01,August,2016,"1061137"
Hyderabad,2016-09-01,September,2016,"832987"
Hyderabad,2016-10-01,October,2016,"901960"
Hyderabad,2016-11-01,November,2016,"909733"
Hyderabad,2016-12-01,December,2016,"1225502"
"Jagtial ",2016-01-01,January,2016,0
"Jagtial ",2016-02-01,February,2016,0
"Jagtial ",2016-03-01,March,2016,0
"Jagtial ",2016-04-01,April,2016,0
"Jagtial ",2016-05-01,May,2016,0
"Jagtial ",2016-06-01,June,2016,0
"Jagtial ",2016-07-01,July,2016,0
"Jagtial ",2016-08-01,August,2016,0
"Jagtial ",2016-09-01,September,2016,0
"Jagtial ",2016-10-01,October,2016,"201249"
"Jagtial ",2016-11-01,November,2016,"214534"
"Jagtial ",2016-12-01,December,2016,"207294"
"Jangaon ",2016-01-01,January,2016,0
"Jangaon ",2016-02-01,February,2016,0
"Jangaon ",2016-03-01,March,2016,0
"Jangaon ",2016-04-01,April,2016,0
"Jangaon ",2016-05-01,May,2016,0
"Jangaon ",2016-06-01,June,2016,0
"Jangaon ",2016-07-01,July,2016,0
"Jangaon ",2016-08-01,August,2016,0
"Jangaon ",2016-09-01,September,2016,0
"Jangaon ",2016-10-01,October,2016,"14770"
"Jangaon ",2016-11-01,November,2016,"13210"
"Jangaon ",2016-12-01,December,2016,"12680"
"Jayashankar Bhoopalpally",2016-01-01,January,2016,0
"Jayashankar Bhoopalpally",2016-02-01,February,2016,0
"Jayashankar Bhoopalpally",2016-03-01,March,2016,0
"Jayashankar Bhoopalpally",2016-04-01,April,2016,0
"Jayashankar Bhoopalpally",2016-05-01,May,2016,0
"Jayashankar Bhoopalpally",2016-06-01,June,2016,0
"Jayashankar Bhoopalpally",2016-07-01,July,2016,0
"Jayashankar Bhoopalpally",2016-08-01,August,2016,0
"Jayashankar Bhoopalpally",2016-09-01,September,2016,0
"Jayashankar Bhoopalpally",2016-10-01,October,2016,"76360"
"Jayashankar Bhoopalpally",2016-11-01,November,2016,"81580"
"Jayashankar Bhoopalpally",2016-12-01,December,2016,"85460"
"Jogulamba Gadwal ",2016-01-01,January,2016,0
"Jogulamba Gadwal ",2016-02-01,February,2016,0
"Jogulamba Gadwal ",2016-03-01,March,2016,0
"Jogulamba Gadwal ",2016-04-01,April,2016,0
"Jogulamba Gadwal ",2016-05-01,May,2016,0
"Jogulamba Gadwal ",2016-06-01,June,2016,0
"Jogulamba Gadwal ",2016-07-01,July,2016,0
"Jogulamba Gadwal ",2016-08-01,August,2016,0
"Jogulamba Gadwal ",2016-09-01,September,2016,0
"Jogulamba Gadwal ",2016-10-01,October,2016,"152898"
"Jogulamba Gadwal ",2016-11-01,November,2016,"188170"
"Jogulamba Gadwal ",2016-12-01,December,2016,"182333"
"Kamareddy ",2016-01-01,January,2016,0
"Kamareddy ",2016-02-01,February,2016,0
"Kamareddy ",2016-03-01,March,2016,0
"Kamareddy ",2016-04-01,April,2016,0
"Kamareddy ",2016-05-01,May,2016,0
"Kamareddy ",2016-06-01,June,2016,0
"Kamareddy ",2016-07-01,July,2016,0
"Kamareddy ",2016-08-01,August,2016,0
"Kamareddy ",2016-09-01,September,2016,0
"Kamareddy ",2016-10-01,October,2016,"47"
"Kamareddy ",2016-11-01,November,2016,"38"
"Kamareddy ",2016-12-01,December,2016,"42"
"Karimnagar ",2016-01-01,January,2016,"1984442"
"Karimnagar ",2016-02-01,February,2016,"779960"
"Karimnagar ",2016-03-01,March,2016,"1018399"
"Karimnagar ",2016-04-01,April,2016,"956959"
"Karimnagar ",2016-05-01,May,2016,"1095642"
"Karimnagar ",2016-06-01,June,2016,"914746"
"Karimnagar ",2016-07-01,July,2016,"401047"
"Karimnagar ",2016-08-01,August,2016,"1018399"
"Karimnagar ",2016-09-01,September,2016,"956959"
"Karimnagar ",2016-10-01,October,2016,"13675"
"Karimnagar ",2016-11-01,November,2016,"13350"
"Karimnagar ",2016-12-01,December,2016,"13890"
Khammam,2016-01-01,January,2016,"651827"
Khammam,2016-02-01,February,2016,"407533"
Khammam,2016-03-01,March,2016,"458527"
Khammam,2016-04-01,April,2016,"971622"
Khammam,2016-05-01,May,2016,"433994"
Khammam,2016-06-01,June,2016,"445862"
Khammam,2016-07-01,July,2016,"414963"
Khammam,2016-08-01,August,2016,"503654"
Khammam,2016-09-01,September,2016,"368437"
Khammam,2016-10-01,October,2016,"121575"
Khammam,2016-11-01,November,2016,"110634"
Khammam,2016-12-01,December,2016,"116403"
"Komaram Bheem Asifabad",2016-01-01,January,2016,0
"Komaram Bheem Asifabad",2016-02-01,February,2016,0
"Komaram Bheem Asifabad",2016-03-01,March,2016,0
"Komaram Bheem Asifabad",2016-04-01,April,2016,0
"Komaram Bheem Asifabad",2016-05-01,May,2016,0
"Komaram Bheem Asifabad",2016-06-01,June,2016,0
"Komaram Bheem Asifabad",2016-07-01,July,2016,0
"Komaram Bheem Asifabad",2016-08-01,August,2016,0
"Komaram Bheem Asifabad",2016-09-01,September,2016,0
"Komaram Bheem Asifabad",2016-10-01,October,2016,0
"Komaram Bheem Asifabad",2016-11-01,November,2016,0
"Komaram Bheem Asifabad",2016-12-01,December,2016,0
"Mahabubabad ",2016-01-01,January,2016,0
"Mahabubabad ",2016-02-01,February,2016,0
"Mahabubabad ",2016-03-01,March,2016,0
"Mahabubabad ",2016-04-01,April,2016,0
"Mahabubabad ",2016-05-01,May,2016,0
"Mahabubabad ",2016-06-01,June,2016,0
"Mahabubabad ",2016-07-01,July,2016,0
"Mahabubabad ",2016-08-01,August,2016,0
"Mahabubabad ",2016-09-01,September,2016,0
"Mahabubabad ",2016-10-01,October,2016,"13032"
"Mahabubabad ",2016-11-01,November,2016,"114015"
"Mahabubabad ",2016-12-01,December,2016,"12955"
Mahbubnagar,2016-01-01,January,2016,"577071"
Mahbubnagar,2016-02-01,February,2016,"1312068"
Mahbubnagar,2016-03-01,March,2016,"1731983"
Mahbubnagar,2016-04-01,April,2016,"622432"
Mahbubnagar,2016-05-01,May,2016,"571898"
Mahbubnagar,2016-06-01,June,2016,"561006"
Mahbubnagar,2016-07-01,July,2016,"562322"
Mahbubnagar,2016-08-01,August,2016,"1133105"
Mahbubnagar,2016-09-01,September,2016,"567712"
Mahbubnagar,2016-10-01,October,2016,"198592"
Mahbubnagar,2016-11-01,November,2016,"256375"
Mahbubnagar,2016-12-01,December,2016,"210202"
Mancherial,2016-01-01,January,2016,0
Mancherial,2016-02-01,February,2016,0
Mancherial,2016-03-01,March,2016,0
Mancherial,2016-04-01,April,2016,0
Mancherial,2016-05-01,May,2016,0
Mancherial,2016-06-01,June,2016,0
Mancherial,2016-07-01,July,2016,0
Mancherial,2016-08-01,August,2016,0
Mancherial,2016-09-01,September,2016,0
Mancherial,2016-10-01,October,2016,"3124"
Mancherial,2016-11-01,November,2016,"2255"
Mancherial,2016-12-01,December,2016,"2423"
"Medak ",2016-01-01,January,2016,"92600"
"Medak ",2016-02-01,February,2016,"215000"
"Medak ",2016-03-01,March,2016,"1318000"
"Medak ",2016-04-01,April,2016,"300000"
"Medak ",2016-05-01,May,2016,"198000"
"Medak ",2016-06-01,June,2016,"166700"
"Medak ",2016-07-01,July,2016,"153300"
"Medak ",2016-08-01,August,2016,"216100"
"Medak ",2016-09-01,September,2016,"132600"
"Medak ",2016-10-01,October,2016,"15600"
"Medak ",2016-11-01,November,2016,"132300"
"Medak ",2016-12-01,December,2016,"523000"
"Medchal ",2016-01-01,January,2016,0
"Medchal ",2016-02-01,February,2016,0
"Medchal ",2016-03-01,March,2016,0
"Medchal ",2016-04-01,April,2016,0
"Medchal ",2016-05-01,May,2016,0
"Medchal ",2016-06-01,June,2016,0
"Medchal ",2016-07-01,July,2016,0
"Medchal ",2016-08-01,August,2016,0
"Medchal ",2016-09-01,September,2016,0
"Medchal ",2016-10-01,October,2016,0
"Medchal ",2016-11-01,November,2016,0
"Medchal ",2016-12-01,December,2016,0
"Nagarkurnool ",2016-01-01,January,2016,0
"Nagarkurnool ",2016-02-01,February,2016,0
"Nagarkurnool ",2016-03-01,March,2016,0
"Nagarkurnool ",2016-04-01,April,2016,0
"Nagarkurnool ",2016-05-01,May,2016,0
"Nagarkurnool ",2016-06-01,June,2016,0
"Nagarkurnool ",2016-07-01,July,2016,0
"Nagarkurnool ",2016-08-01,August,2016,0
"Nagarkurnool ",2016-09-01,September,2016,0
"Nagarkurnool ",2016-10-01,October,2016,"201050"
"Nagarkurnool ",2016-11-01,November,2016,"188786"
"Nagarkurnool ",2016-12-01,December,2016,"198637"
Nalgonda,2016-01-01,January,2016,"566515"
Nalgonda,2016-02-01,February,2016,"539467"
Nalgonda,2016-03-01,March,2016,"619462"
Nalgonda,2016-04-01,April,2016,"601253"
Nalgonda,2016-05-01,May,2016,"628872"
Nalgonda,2016-06-01,June,2016,"551239"
Nalgonda,2016-07-01,July,2016,"582820"
Nalgonda,2016-08-01,August,2016,"988102"
Nalgonda,2016-09-01,September,2016,"742402"
Nalgonda,2016-10-01,October,2016,"3508"
Nalgonda,2016-11-01,November,2016,"21046"
Nalgonda,2016-12-01,December,2016,"13775"
Nirmal,2016-01-01,January,2016,0
Nirmal,2016-02-01,February,2016,0
Nirmal,2016-03-01,March,2016,0
Nirmal,2016-04-01,April,2016,0
Nirmal,2016-05-01,May,2016,0
Nirmal,2016-06-01,June,2016,0
Nirmal,2016-07-01,July,2016,0
Nirmal,2016-08-01,August,2016,0
Nirmal,2016-09-01,September,2016,0
Nirmal,2016-10-01,October,2016,"475955"
Nirmal,2016-11-01,November,2016,"201388"
Nirmal,2016-12-01,December,2016,"239267"
Nizamabad,2016-01-01,January,2016,"576"
Nizamabad,2016-02-01,February,2016,"869"
Nizamabad,2016-03-01,March,2016,"408"
Nizamabad,2016-04-01,April,2016,"476"
Nizamabad,2016-05-01,May,2016,"554"
Nizamabad,2016-06-01,June,2016,"367"
Nizamabad,2016-07-01,July,2016,"644"
Nizamabad,2016-08-01,August,2016,"589"
Nizamabad,2016-09-01,September,2016,"553"
Nizamabad,2016-10-01,October,2016,"434"
Nizamabad,2016-11-01,November,2016,"617"
Nizamabad,2016-12-01,December,2016,"355"
Peddapalli,2016-01-01,January,2016,0
Peddapalli,2016-02-01,February,2016,0
Peddapalli,2016-03-01,March,2016,0
Peddapalli,2016-04-01,April,2016,0
Peddapalli,2016-05-01,May,2016,0
Peddapalli,2016-06-01,June,2016,0
Peddapalli,2016-07-01,July,2016,0
Peddapalli,2016-08-01,August,2016,0
Peddapalli,2016-09-01,September,2016,0
Peddapalli,2016-10-01,October,2016,"950"
Peddapalli,2016-11-01,November,2016,"1145"
Peddapalli,2016-12-01,December,2016,"1149"
"Rajanna Sircilla ",2016-01-01,January,2016,0
"Rajanna Sircilla ",2016-02-01,February,2016,0
"Rajanna Sircilla ",2016-03-01,March,2016,0
"Rajanna Sircilla ",2016-04-01,April,2016,0
"Rajanna Sircilla ",2016-05-01,May,2016,0
"Rajanna Sircilla ",2016-06-01,June,2016,0
"Rajanna Sircilla ",2016-07-01,July,2016,0
"Rajanna Sircilla ",2016-08-01,August,2016,0
"Rajanna Sircilla ",2016-09-01,September,2016,0
"Rajanna Sircilla ",2016-10-01,October,2016,"534484"
"Rajanna Sircilla ",2016-11-01,November,2016,"864077"
"Rajanna Sircilla ",2016-12-01,December,2016,"778240"
"Ranga Reddy",2016-01-01,January,2016,0
"Ranga Reddy",2016-02-01,February,2016,0
"Ranga Reddy",2016-03-01,March,2016,0
"Ranga Reddy",2016-04-01,April,2016,0
"Ranga Reddy",2016-05-01,May,2016,0
"Ranga Reddy",2016-06-01,June,2016,0
"Ranga Reddy",2016-07-01,July,2016,0
"Ranga Reddy",2016-08-01,August,2016,0
"Ranga Reddy",2016-09-01,September,2016,0
"Ranga Reddy",2016-10-01,October,2016,0
"Ranga Reddy",2016-11-01,November,2016,0
"Ranga Reddy",2016-12-01,December,2016,0
"Sangareddy ",2016-01-01,January,2016,0
"Sangareddy ",2016-02-01,February,2016,0
"Sangareddy ",2016-03-01,March,2016,0
"Sangareddy ",2016-04-01,April,2016,0
"Sangareddy ",2016-05-01,May,2016,0
"Sangareddy ",2016-06-01,June,2016,0
"Sangareddy ",2016-07-01,July,2016,0
"Sangareddy ",2016-08-01,August,2016,0
"Sangareddy ",2016-09-01,September,2016,0
"Sangareddy ",2016-10-01,October,2016,"274000"
"Sangareddy ",2016-11-01,November,2016,"349000"
"Sangareddy ",2016-12-01,December,2016,"155000"
Siddipet,2016-01-01,January,2016,0
Siddipet,2016-02-01,February,2016,0
Siddipet,2016-03-01,March,2016,0
Siddipet,2016-04-01,April,2016,0
Siddipet,2016-05-01,May,2016,0
Siddipet,2016-06-01,June,2016,0
Siddipet,2016-07-01,July,2016,0
Siddipet,2016-08-01,August,2016,0
Siddipet,2016-09-01,September,2016,0
Siddipet,2016-10-01,October,2016,"123500"
Siddipet,2016-11-01,November,2016,"154400"
Siddipet,2016-12-01,December,2016,"80500"
Suryapet,2016-01-01,January,2016,0
Suryapet,2016-02-01,February,2016,0
Suryapet,2016-03-01,March,2016,0
Suryapet,2016-04-01,April,2016,0
Suryapet,2016-05-01,May,2016,0
Suryapet,2016-06-01,June,2016,0
Suryapet,2016-07-01,July,2016,0
Suryapet,2016-08-01,August,2016,0
Suryapet,2016-09-01,September,2016,0
Suryapet,2016-10-01,October,2016,0
Suryapet,2016-11-01,November,2016,0
Suryapet,2016-12-01,December,2016,0
Vikarabad,2016-01-01,January,2016,0
Vikarabad,2016-02-01,February,2016,0
Vikarabad,2016-03-01,March,2016,0
Vikarabad,2016-04-01,April,2016,0
Vikarabad,2016-05-01,May,2016,0
Vikarabad,2016-06-01,June,2016,0
Vikarabad,2016-07-01,July,2016,0
Vikarabad,2016-08-01,August,2016,0
Vikarabad,2016-09-01,September,2016,0
Vikarabad,2016-10-01,October,2016,0
Vikarabad,2016-11-01,November,2016,0
Vikarabad,2016-12-01,December,2016,0
"Wanaparthy ",2016-01-01,January,2016,0
"Wanaparthy ",2016-02-01,February,2016,0
"Wanaparthy ",2016-03-01,March,2016,0
"Wanaparthy ",2016-04-01,April,2016,0
"Wanaparthy ",2016-05-01,May,2016,0
"Wanaparthy ",2016-06-01,June,2016,0
"Wanaparthy ",2016-07-01,July,2016,0
"Wanaparthy ",2016-08-01,August,2016,0
"Wanaparthy ",2016-09-01,September,2016,0
"Wanaparthy ",2016-10-01,October,2016,"21234"
"Wanaparthy ",2016-11-01,November,2016,"18348"
"Wanaparthy ",2016-12-01,December,2016,"20556"
"Warangal (Rural)",2016-01-01,January,2016,0
"Warangal (Rural)",2016-02-01,February,2016,0
"Warangal (Rural)",2016-03-01,March,2016,0
"Warangal (Rural)",2016-04-01,April,2016,0
"Warangal (Rural)",2016-05-01,May,2016,0
"Warangal (Rural)",2016-06-01,June,2016,0
"Warangal (Rural)",2016-07-01,July,2016,0
"Warangal (Rural)",2016-08-01,August,2016,0
"Warangal (Rural)",2016-09-01,September,2016,0
"Warangal (Rural)",2016-10-01,October,2016,"8200"
"Warangal (Rural)",2016-11-01,November,2016,"6050"
"Warangal (Rural)",2016-12-01,December,2016,"5150"
"Warangal (Urban)",2016-01-01,January,2016,"1985815"
"Warangal (Urban)",2016-02-01,February,2016,"20703778"
"Warangal (Urban)",2016-03-01,March,2016,"568397"
"Warangal (Urban)",2016-04-01,April,2016,"317643"
"Warangal (Urban)",2016-05-01,May,2016,"373788"
"Warangal (Urban)",2016-06-01,June,2016,"365332"
"Warangal (Urban)",2016-07-01,July,2016,"340320"
"Warangal (Urban)",2016-08-01,August,2016,"368755"
"Warangal (Urban)",2016-09-01,September,2016,"379210"
"Warangal (Urban)",2016-10-01,October,2016,"128247"
"Warangal (Urban)",2016-11-01,November,2016,"129250"
"Warangal (Urban)",2016-12-01,December,2016,"127500"
"Yadadri Bhongir",2016-01-01,January,2016,0
"Yadadri Bhongir",2016-02-01,February,2016,0
"Yadadri Bhongir",2016-03-01,March,2016,0
"Yadadri Bhongir",2016-04-01,April,2016,0
"Yadadri Bhongir",2016-05-01,May,2016,0
"Yadadri Bhongir",2016-06-01,June,2016,0
"Yadadri Bhongir",2016-07-01,July,2016,0
"Yadadri Bhongir",2016-08-01,August,2016,0
"Yadadri Bhongir",2016-09-01,September,2016,0
"Yadadri Bhongir",2016-10-01,October,2016,"584800"
"Yadadri Bhongir",2016-11-01,November,2016,"681000"
"Yadadri Bhongir",2016-12-01,December,2016,"462800"
Adilabad,2017-01-01,January,2017,"318799"
Adilabad,2017-02-01,February,2017,"83316"
Adilabad,2017-03-01,March,2017,"27508"
Adilabad,2017-04-01,April,2017,"13946"
Adilabad,2017-05-01,May,2017,"11752"
Adilabad,2017-06-01,June,2017,"26859"
Adilabad,2017-07-01,July,2017,"52386"
Adilabad,2017-08-01,August,2017,"34876"
Adilabad,2017-09-01,September,2017,"42699"
Adilabad,2017-10-01,October,2017,"41666"
Adilabad,2017-11-01,November,2017,"117322"
Adilabad,2017-12-01,December,2017,"54251"
"Bhadradri Kothagudem ",2017-01-01,January,2017,"302315"
"Bhadradri Kothagudem ",2017-02-01,February,2017,"251359"
"Bhadradri Kothagudem ",2017-03-01,March,2017,"243943"
"Bhadradri Kothagudem ",2017-04-01,April,2017,"667459"
"Bhadradri Kothagudem ",2017-05-01,May,2017,"311626"
"Bhadradri Kothagudem ",2017-06-01,June,2017,"351742"
"Bhadradri Kothagudem ",2017-07-01,July,2017,"258114"
"Bhadradri Kothagudem ",2017-08-01,August,2017,"316438"
"Bhadradri Kothagudem ",2017-09-01,September,2017,"381784"
"Bhadradri Kothagudem ",2017-10-01,October,2017,"334504"
"Bhadradri Kothagudem ",2017-11-01,November,2017,"281515"
"Bhadradri Kothagudem ",2017-12-01,December,2017,"393518"
Hyderabad,2017-01-01,January,2017,"1924695"
Hyderabad,2017-02-01,February,2017,"1886698"
Hyderabad,2017-03-01,March,2017,"1783903"
Hyderabad,2017-04-01,April,2017,"2366793"
Hyderabad,2017-05-01,May,2017,"2266793"
Hyderabad,2017-06-01,June,2017,"2007060"
Hyderabad,2017-07-01,July,2017,"1890870"
Hyderabad,2017-08-01,August,2017,"1976980"
Hyderabad,2017-09-01,September,2017,"2011280"
Hyderabad,2017-10-01,October,2017,"2202316"
Hyderabad,2017-11-01,November,2017,"1971438"
Hyderabad,2017-12-01,December,2017,"4871416"
"Jagtial ",2017-01-01,January,2017,"174477"
"Jagtial ",2017-02-01,February,2017,"159659"
"Jagtial ",2017-03-01,March,2017,"323658"
"Jagtial ",2017-04-01,April,2017,"330540"
"Jagtial ",2017-05-01,May,2017,"468038"
"Jagtial ",2017-06-01,June,2017,"418103"
"Jagtial ",2017-07-01,July,2017,"247254"
"Jagtial ",2017-08-01,August,2017,"386458"
"Jagtial ",2017-09-01,September,2017,"143102"
"Jagtial ",2017-10-01,October,2017,"248504"
"Jagtial ",2017-11-01,November,2017,"348042"
"Jagtial ",2017-12-01,December,2017,"393566"
"Jangaon ",2017-01-01,January,2017,"12280"
"Jangaon ",2017-02-01,February,2017,"12610"
"Jangaon ",2017-03-01,March,2017,"8450"
"Jangaon ",2017-04-01,April,2017,"9788"
"Jangaon ",2017-05-01,May,2017,"12130"
"Jangaon ",2017-06-01,June,2017,"13750"
"Jangaon ",2017-07-01,July,2017,"16050"
"Jangaon ",2017-08-01,August,2017,"15680"
"Jangaon ",2017-09-01,September,2017,"15600"
"Jangaon ",2017-10-01,October,2017,"16130"
"Jangaon ",2017-11-01,November,2017,"16360"
"Jangaon ",2017-12-01,December,2017,"16880"
"Jayashankar Bhoopalpally",2017-01-01,January,2017,"96560"
"Jayashankar Bhoopalpally",2017-02-01,February,2017,"96850"
"Jayashankar Bhoopalpally",2017-03-01,March,2017,"81400"
"Jayashankar Bhoopalpally",2017-04-01,April,2017,"90700"
"Jayashankar Bhoopalpally",2017-05-01,May,2017,"91150"
"Jayashankar Bhoopalpally",2017-06-01,June,2017,"93650"
"Jayashankar Bhoopalpally",2017-07-01,July,2017,"94700"
"Jayashankar Bhoopalpally",2017-08-01,August,2017,"118350"
"Jayashankar Bhoopalpally",2017-09-01,September,2017,"112600"
"Jayashankar Bhoopalpally",2017-10-01,October,2017,"115250"
"Jayashankar Bhoopalpally",2017-11-01,November,2017,"116800"
"Jayashankar Bhoopalpally",2017-12-01,December,2017,"723000"
"Jogulamba Gadwal ",2017-01-01,January,2017,"214887"
"Jogulamba Gadwal ",2017-02-01,February,2017,"481110"
"Jogulamba Gadwal ",2017-03-01,March,2017,"155013"
"Jogulamba Gadwal ",2017-04-01,April,2017,"131426"
"Jogulamba Gadwal ",2017-05-01,May,2017,"131426"
"Jogulamba Gadwal ",2017-06-01,June,2017,"160182"
"Jogulamba Gadwal ",2017-07-01,July,2017,"160182"
"Jogulamba Gadwal ",2017-08-01,August,2017,"131485"
"Jogulamba Gadwal ",2017-09-01,September,2017,"123733"
"Jogulamba Gadwal ",2017-10-01,October,2017,"152898"
"Jogulamba Gadwal ",2017-11-01,November,2017,"188170"
"Jogulamba Gadwal ",2017-12-01,December,2017,"214887"
"Kamareddy ",2017-01-01,January,2017,"58"
"Kamareddy ",2017-02-01,February,2017,"50"
"Kamareddy ",2017-03-01,March,2017,"41"
"Kamareddy ",2017-04-01,April,2017,"46"
"Kamareddy ",2017-05-01,May,2017,"60"
"Kamareddy ",2017-06-01,June,2017,"41"
"Kamareddy ",2017-07-01,July,2017,"41"
"Kamareddy ",2017-08-01,August,2017,"40"
"Kamareddy ",2017-09-01,September,2017,"41"
"Kamareddy ",2017-10-01,October,2017,"38"
"Kamareddy ",2017-11-01,November,2017,"43"
"Kamareddy ",2017-12-01,December,2017,"41"
"Karimnagar ",2017-01-01,January,2017,"14425"
"Karimnagar ",2017-02-01,February,2017,"10845"
"Karimnagar ",2017-03-01,March,2017,"9625"
"Karimnagar ",2017-04-01,April,2017,"8630"
"Karimnagar ",2017-05-01,May,2017,"8890"
"Karimnagar ",2017-06-01,June,2017,"10542"
"Karimnagar ",2017-07-01,July,2017,"12350"
"Karimnagar ",2017-08-01,August,2017,"10952"
"Karimnagar ",2017-09-01,September,2017,"7576"
"Karimnagar ",2017-10-01,October,2017,"8371"
"Karimnagar ",2017-11-01,November,2017,"8705"
"Karimnagar ",2017-12-01,December,2017,"13065"
Khammam,2017-01-01,January,2017,"132528"
Khammam,2017-02-01,February,2017,"115470"
Khammam,2017-03-01,March,2017,"101878"
Khammam,2017-04-01,April,2017,"135920"
Khammam,2017-05-01,May,2017,"138799"
Khammam,2017-06-01,June,2017,"138158"
Khammam,2017-07-01,July,2017,"105102"
Khammam,2017-08-01,August,2017,"129159"
Khammam,2017-09-01,September,2017,"140821"
Khammam,2017-10-01,October,2017,"155943"
Khammam,2017-11-01,November,2017,"110800"
Khammam,2017-12-01,December,2017,"137825"
"Komaram Bheem Asifabad",2017-01-01,January,2017,"2241"
"Komaram Bheem Asifabad",2017-02-01,February,2017,"2490"
"Komaram Bheem Asifabad",2017-03-01,March,2017,"2767"
"Komaram Bheem Asifabad",2017-04-01,April,2017,"3074"
"Komaram Bheem Asifabad",2017-05-01,May,2017,"3416"
"Komaram Bheem Asifabad",2017-06-01,June,2017,"3796"
"Komaram Bheem Asifabad",2017-07-01,July,2017,"3713"
"Komaram Bheem Asifabad",2017-08-01,August,2017,"3665"
"Komaram Bheem Asifabad",2017-09-01,September,2017,"3934"
"Komaram Bheem Asifabad",2017-10-01,October,2017,"14050"
"Komaram Bheem Asifabad",2017-11-01,November,2017,"3627"
"Komaram Bheem Asifabad",2017-12-01,December,2017,"4218"
"Mahabubabad ",2017-01-01,January,2017,"13260"
"Mahabubabad ",2017-02-01,February,2017,"13045"
"Mahabubabad ",2017-03-01,March,2017,"9100"
"Mahabubabad ",2017-04-01,April,2017,"9140"
"Mahabubabad ",2017-05-01,May,2017,"10220"
"Mahabubabad ",2017-06-01,June,2017,"10130"
"Mahabubabad ",2017-07-01,July,2017,"10170"
"Mahabubabad ",2017-08-01,August,2017,"12520"
"Mahabubabad ",2017-09-01,September,2017,"13140"
"Mahabubabad ",2017-10-01,October,2017,"13750"
"Mahabubabad ",2017-11-01,November,2017,"13560"
"Mahabubabad ",2017-12-01,December,2017,"13780"
Mahbubnagar,2017-01-01,January,2017,"446135"
Mahbubnagar,2017-02-01,February,2017,"805392"
Mahbubnagar,2017-03-01,March,2017,"178256"
Mahbubnagar,2017-04-01,April,2017,"208694"
Mahbubnagar,2017-05-01,May,2017,"214209"
Mahbubnagar,2017-06-01,June,2017,"179210"
Mahbubnagar,2017-07-01,July,2017,"179099"
Mahbubnagar,2017-08-01,August,2017,"215229"
Mahbubnagar,2017-09-01,September,2017,"180675"
Mahbubnagar,2017-10-01,October,2017,"196103"
Mahbubnagar,2017-11-01,November,2017,"259060"
Mahbubnagar,2017-12-01,December,2017,"426167"
Mancherial,2017-01-01,January,2017,"2937"
Mancherial,2017-02-01,February,2017,"3130"
Mancherial,2017-03-01,March,2017,"2775"
Mancherial,2017-04-01,April,2017,"1513"
Mancherial,2017-05-01,May,2017,"1424"
Mancherial,2017-06-01,June,2017,"2119"
Mancherial,2017-07-01,July,2017,"33591"
Mancherial,2017-08-01,August,2017,"26104"
Mancherial,2017-09-01,September,2017,"24297"
Mancherial,2017-10-01,October,2017,"37671"
Mancherial,2017-11-01,November,2017,"25737"
Mancherial,2017-12-01,December,2017,"30328"
"Medak ",2017-01-01,January,2017,"523000"
"Medak ",2017-02-01,February,2017,"543321"
"Medak ",2017-03-01,March,2017,"548535"
"Medak ",2017-04-01,April,2017,"554864"
"Medak ",2017-05-01,May,2017,"556891"
"Medak ",2017-06-01,June,2017,"561469"
"Medak ",2017-07-01,July,2017,"575300"
"Medak ",2017-08-01,August,2017,"632830"
"Medak ",2017-09-01,September,2017,"696113"
"Medak ",2017-10-01,October,2017,"765724"
"Medak ",2017-11-01,November,2017,"842296"
"Medak ",2017-12-01,December,2017,"926526"
"Medchal ",2017-01-01,January,2017,0
"Medchal ",2017-02-01,February,2017,0
"Medchal ",2017-03-01,March,2017,0
"Medchal ",2017-04-01,April,2017,0
"Medchal ",2017-05-01,May,2017,0
"Medchal ",2017-06-01,June,2017,0
"Medchal ",2017-07-01,July,2017,0
"Medchal ",2017-08-01,August,2017,0
"Medchal ",2017-09-01,September,2017,0
"Medchal ",2017-10-01,October,2017,0
"Medchal ",2017-11-01,November,2017,0
"Medchal ",2017-12-01,December,2017,0
"Nagarkurnool ",2017-01-01,January,2017,"382879"
"Nagarkurnool ",2017-02-01,February,2017,"286258"
"Nagarkurnool ",2017-03-01,March,2017,"184508"
"Nagarkurnool ",2017-04-01,April,2017,"183697"
"Nagarkurnool ",2017-05-01,May,2017,"183697"
"Nagarkurnool ",2017-06-01,June,2017,"180010"
"Nagarkurnool ",2017-07-01,July,2017,"180010"
"Nagarkurnool ",2017-08-01,August,2017,"181861"
"Nagarkurnool ",2017-09-01,September,2017,"118010"
"Nagarkurnool ",2017-10-01,October,2017,"201050"
"Nagarkurnool ",2017-11-01,November,2017,"188786"
"Nagarkurnool ",2017-12-01,December,2017,"382879"
Nalgonda,2017-01-01,January,2017,"4447"
Nalgonda,2017-02-01,February,2017,"8652"
Nalgonda,2017-03-01,March,2017,"8054"
Nalgonda,2017-04-01,April,2017,"44295"
Nalgonda,2017-05-01,May,2017,"10750"
Nalgonda,2017-06-01,June,2017,"37879"
Nalgonda,2017-07-01,July,2017,"21361"
Nalgonda,2017-08-01,August,2017,"9363"
Nalgonda,2017-09-01,September,2017,"17465"
Nalgonda,2017-10-01,October,2017,"36066"
Nalgonda,2017-11-01,November,2017,"17687"
Nalgonda,2017-12-01,December,2017,"25897"
Nirmal,2017-01-01,January,2017,"340311"
Nirmal,2017-02-01,February,2017,"415326"
Nirmal,2017-03-01,March,2017,"442057"
Nirmal,2017-04-01,April,2017,"274132"
Nirmal,2017-05-01,May,2017,"297233"
Nirmal,2017-06-01,June,2017,"340359"
Nirmal,2017-07-01,July,2017,"328101"
Nirmal,2017-08-01,August,2017,"340430"
Nirmal,2017-09-01,September,2017,"528540"
Nirmal,2017-10-01,October,2017,"388644"
Nirmal,2017-11-01,November,2017,"369365"
Nirmal,2017-12-01,December,2017,"340585"
Nizamabad,2017-01-01,January,2017,"613"
Nizamabad,2017-02-01,February,2017,"1752"
Nizamabad,2017-03-01,March,2017,"660"
Nizamabad,2017-04-01,April,2017,"1048"
Nizamabad,2017-05-01,May,2017,"1341"
Nizamabad,2017-06-01,June,2017,"2391"
Nizamabad,2017-07-01,July,2017,"1520"
Nizamabad,2017-08-01,August,2017,"1583"
Nizamabad,2017-09-01,September,2017,"933"
Nizamabad,2017-10-01,October,2017,"6644"
Nizamabad,2017-11-01,November,2017,"1677"
Nizamabad,2017-12-01,December,2017,"1787"
Peddapalli,2017-01-01,January,2017,"1345"
Peddapalli,2017-02-01,February,2017,"1378"
Peddapalli,2017-03-01,March,2017,"965"
Peddapalli,2017-04-01,April,2017,"750"
Peddapalli,2017-05-01,May,2017,"640"
Peddapalli,2017-06-01,June,2017,"885"
Peddapalli,2017-07-01,July,2017,"1095"
Peddapalli,2017-08-01,August,2017,"1385"
Peddapalli,2017-09-01,September,2017,"1155"
Peddapalli,2017-10-01,October,2017,"1595"
Peddapalli,2017-11-01,November,2017,"1940"
Peddapalli,2017-12-01,December,2017,"1765"
"Rajanna Sircilla ",2017-01-01,January,2017,"615842"
"Rajanna Sircilla ",2017-02-01,February,2017,"1255569"
"Rajanna Sircilla ",2017-03-01,March,2017,"1030441"
"Rajanna Sircilla ",2017-04-01,April,2017,"1146782"
"Rajanna Sircilla ",2017-05-01,May,2017,"1117228"
"Rajanna Sircilla ",2017-06-01,June,2017,"1113882"
"Rajanna Sircilla ",2017-07-01,July,2017,"462022"
"Rajanna Sircilla ",2017-08-01,August,2017,"1004410"
"Rajanna Sircilla ",2017-09-01,September,2017,"487060"
"Rajanna Sircilla ",2017-10-01,October,2017,"845620"
"Rajanna Sircilla ",2017-11-01,November,2017,"1191129"
"Rajanna Sircilla ",2017-12-01,December,2017,"1649362"
"Ranga Reddy",2017-01-01,January,2017,0
"Ranga Reddy",2017-02-01,February,2017,0
"Ranga Reddy",2017-03-01,March,2017,0
"Ranga Reddy",2017-04-01,April,2017,0
"Ranga Reddy",2017-05-01,May,2017,0
"Ranga Reddy",2017-06-01,June,2017,0
"Ranga Reddy",2017-07-01,July,2017,0
"Ranga Reddy",2017-08-01,August,2017,0
"Ranga Reddy",2017-09-01,September,2017,0
"Ranga Reddy",2017-10-01,October,2017,0
"Ranga Reddy",2017-11-01,November,2017,0
"Ranga Reddy",2017-12-01,December,2017,0
"Sangareddy ",2017-01-01,January,2017,"195000"
"Sangareddy ",2017-02-01,February,2017,"140000"
"Sangareddy ",2017-03-01,March,2017,"275000"
"Sangareddy ",2017-04-01,April,2017,"215000"
"Sangareddy ",2017-05-01,May,2017,"215000"
"Sangareddy ",2017-06-01,June,2017,"180000"
"Sangareddy ",2017-07-01,July,2017,"195000"
"Sangareddy ",2017-08-01,August,2017,"295000"
"Sangareddy ",2017-09-01,September,2017,"200000"
"Sangareddy ",2017-10-01,October,2017,"232000"
"Sangareddy ",2017-11-01,November,2017,"324500"
"Sangareddy ",2017-12-01,December,2017,"356950"
Siddipet,2017-01-01,January,2017,"80500"
Siddipet,2017-02-01,February,2017,"80500"
Siddipet,2017-03-01,March,2017,"80500"
Siddipet,2017-04-01,April,2017,"80500"
Siddipet,2017-05-01,May,2017,"80500"
Siddipet,2017-06-01,June,2017,"60000"
Siddipet,2017-07-01,July,2017,"88550"
Siddipet,2017-08-01,August,2017,"97405"
Siddipet,2017-09-01,September,2017,"107146"
Siddipet,2017-10-01,October,2017,"117861"
Siddipet,2017-11-01,November,2017,"129647"
Siddipet,2017-12-01,December,2017,"142612"
Suryapet,2017-01-01,January,2017,0
Suryapet,2017-02-01,February,2017,0
Suryapet,2017-03-01,March,2017,0
Suryapet,2017-04-01,April,2017,0
Suryapet,2017-05-01,May,2017,0
Suryapet,2017-06-01,June,2017,0
Suryapet,2017-07-01,July,2017,0
Suryapet,2017-08-01,August,2017,0
Suryapet,2017-09-01,September,2017,0
Suryapet,2017-10-01,October,2017,0
Suryapet,2017-11-01,November,2017,0
Suryapet,2017-12-01,December,2017,0
Vikarabad,2017-01-01,January,2017,0
Vikarabad,2017-02-01,February,2017,0
Vikarabad,2017-03-01,March,2017,0
Vikarabad,2017-04-01,April,2017,0
Vikarabad,2017-05-01,May,2017,0
Vikarabad,2017-06-01,June,2017,0
Vikarabad,2017-07-01,July,2017,0
Vikarabad,2017-08-01,August,2017,0
Vikarabad,2017-09-01,September,2017,0
Vikarabad,2017-10-01,October,2017,0
Vikarabad,2017-11-01,November,2017,0
Vikarabad,2017-12-01,December,2017,0
"Wanaparthy ",2017-01-01,January,2017,"22152"
"Wanaparthy ",2017-02-01,February,2017,"22342"
"Wanaparthy ",2017-03-01,March,2017,"20050"
"Wanaparthy ",2017-04-01,April,2017,"11502"
"Wanaparthy ",2017-05-01,May,2017,"11502"
"Wanaparthy ",2017-06-01,June,2017,"19092"
"Wanaparthy ",2017-07-01,July,2017,"19092"
"Wanaparthy ",2017-08-01,August,2017,"21375"
"Wanaparthy ",2017-09-01,September,2017,"35860"
"Wanaparthy ",2017-10-01,October,2017,"21234"
"Wanaparthy ",2017-11-01,November,2017,"18348"
"Wanaparthy ",2017-12-01,December,2017,"22152"
"Warangal (Rural)",2017-01-01,January,2017,"8000"
"Warangal (Rural)",2017-02-01,February,2017,"8300"
"Warangal (Rural)",2017-03-01,March,2017,"7800"
"Warangal (Rural)",2017-04-01,April,2017,"7600"
"Warangal (Rural)",2017-05-01,May,2017,"8500"
"Warangal (Rural)",2017-06-01,June,2017,"9000"
"Warangal (Rural)",2017-07-01,July,2017,"13600"
"Warangal (Rural)",2017-08-01,August,2017,"13650"
"Warangal (Rural)",2017-09-01,September,2017,"13800"
"Warangal (Rural)",2017-10-01,October,2017,"16500"
"Warangal (Rural)",2017-11-01,November,2017,"16300"
"Warangal (Rural)",2017-12-01,December,2017,"21200"
"Warangal (Urban)",2017-01-01,January,2017,"130608"
"Warangal (Urban)",2017-02-01,February,2017,"126608"
"Warangal (Urban)",2017-03-01,March,2017,"118298"
"Warangal (Urban)",2017-04-01,April,2017,"107133"
"Warangal (Urban)",2017-05-01,May,2017,"109915"
"Warangal (Urban)",2017-06-01,June,2017,"111530"
"Warangal (Urban)",2017-07-01,July,2017,"116545"
"Warangal (Urban)",2017-08-01,August,2017,"116810"
"Warangal (Urban)",2017-09-01,September,2017,"117150"
"Warangal (Urban)",2017-10-01,October,2017,"119255"
"Warangal (Urban)",2017-11-01,November,2017,"119360"
"Warangal (Urban)",2017-12-01,December,2017,"126790"
"Yadadri Bhongir",2017-01-01,January,2017,"678000"
"Yadadri Bhongir",2017-02-01,February,2017,"540500"
"Yadadri Bhongir",2017-03-01,March,2017,"525588"
"Yadadri Bhongir",2017-04-01,April,2017,"570000"
"Yadadri Bhongir",2017-05-01,May,2017,"458700"
"Yadadri Bhongir",2017-06-01,June,2017,"685880"
"Yadadri Bhongir",2017-07-01,July,2017,"481240"
"Yadadri Bhongir",2017-08-01,August,2017,"680720"
"Yadadri Bhongir",2017-09-01,September,2017,"678925"
"Yadadri Bhongir",2017-10-01,October,2017,"683500"
"Yadadri Bhongir",2017-11-01,November,2017,"537600"
"Yadadri Bhongir",2017-12-01,December,2017,"481075"
Adilabad,2018-01-01,January,2018,"320356"
Adilabad,2018-02-01,February,2018,"36550"
Adilabad,2018-03-01,March,2018,"23011"
Adilabad,2018-04-01,April,2018,"14183"
Adilabad,2018-05-01,May,2018,"8197"
Adilabad,2018-06-01,June,2018,"12052"
Adilabad,2018-07-01,July,2018,"24666"
Adilabad,2018-08-01,August,2018,"38939"
Adilabad,2018-09-01,September,2018,"25875"
Adilabad,2018-10-01,October,2018,"30257"
Adilabad,2018-11-01,November,2018,"49181"
Adilabad,2018-12-01,December,2018,"61476"
"Bhadradri Kothagudem ",2018-01-01,January,2018,"421275"
"Bhadradri Kothagudem ",2018-02-01,February,2018,"240634"
"Bhadradri Kothagudem ",2018-03-01,March,2018,"421275"
"Bhadradri Kothagudem ",2018-04-01,April,2018,"341258"
"Bhadradri Kothagudem ",2018-05-01,May,2018,"291273"
"Bhadradri Kothagudem ",2018-06-01,June,2018,"290512"
"Bhadradri Kothagudem ",2018-07-01,July,2018,"220304"
"Bhadradri Kothagudem ",2018-08-01,August,2018,"219548"
"Bhadradri Kothagudem ",2018-09-01,September,2018,"334878"
"Bhadradri Kothagudem ",2018-10-01,October,2018,"322974"
"Bhadradri Kothagudem ",2018-11-01,November,2018,"253464"
"Bhadradri Kothagudem ",2018-12-01,December,2018,"442483"
Hyderabad,2018-01-01,January,2018,"1978396"
Hyderabad,2018-02-01,February,2018,"1365837"
Hyderabad,2018-03-01,March,2018,"1415938"
Hyderabad,2018-04-01,April,2018,"1586375"
Hyderabad,2018-05-01,May,2018,"1189492"
Hyderabad,2018-06-01,June,2018,"1595067"
Hyderabad,2018-07-01,July,2018,"1470042"
Hyderabad,2018-08-01,August,2018,"1591470"
Hyderabad,2018-09-01,September,2018,"1508086"
Hyderabad,2018-10-01,October,2018,"2207478"
Hyderabad,2018-11-01,November,2018,"1671320"
Hyderabad,2018-12-01,December,2018,"1964150"
"Jagtial ",2018-01-01,January,2018,"614082"
"Jagtial ",2018-02-01,February,2018,"349576"
"Jagtial ",2018-03-01,March,2018,"416716"
"Jagtial ",2018-04-01,April,2018,"372874"
"Jagtial ",2018-05-01,May,2018,"641363"
"Jagtial ",2018-06-01,June,2018,"182505"
"Jagtial ",2018-07-01,July,2018,"182473"
"Jagtial ",2018-08-01,August,2018,"272685"
"Jagtial ",2018-09-01,September,2018,"273121"
"Jagtial ",2018-10-01,October,2018,"138206"
"Jagtial ",2018-11-01,November,2018,"277997"
"Jagtial ",2018-12-01,December,2018,"231323"
"Jangaon ",2018-01-01,January,2018,"17180"
"Jangaon ",2018-02-01,February,2018,"18600"
"Jangaon ",2018-03-01,March,2018,"17300"
"Jangaon ",2018-04-01,April,2018,"18100"
"Jangaon ",2018-05-01,May,2018,"19660"
"Jangaon ",2018-06-01,June,2018,"23050"
"Jangaon ",2018-07-01,July,2018,"26280"
"Jangaon ",2018-08-01,August,2018,"26020"
"Jangaon ",2018-09-01,September,2018,"28830"
"Jangaon ",2018-10-01,October,2018,"29470"
"Jangaon ",2018-11-01,November,2018,"29570"
"Jangaon ",2018-12-01,December,2018,"36962"
"Jayashankar Bhoopalpally",2018-01-01,January,2018,"6519850"
"Jayashankar Bhoopalpally",2018-02-01,February,2018,"8626250"
"Jayashankar Bhoopalpally",2018-03-01,March,2018,"146150"
"Jayashankar Bhoopalpally",2018-04-01,April,2018,"149150"
"Jayashankar Bhoopalpally",2018-05-01,May,2018,"152050"
"Jayashankar Bhoopalpally",2018-06-01,June,2018,"159400"
"Jayashankar Bhoopalpally",2018-07-01,July,2018,"128550"
"Jayashankar Bhoopalpally",2018-08-01,August,2018,"184700"
"Jayashankar Bhoopalpally",2018-09-01,September,2018,"192300"
"Jayashankar Bhoopalpally",2018-10-01,October,2018,"195400"
"Jayashankar Bhoopalpally",2018-11-01,November,2018,"196500"
"Jayashankar Bhoopalpally",2018-12-01,December,2018,"245625"
"Jogulamba Gadwal ",2018-01-01,January,2018,"146441"
"Jogulamba Gadwal ",2018-02-01,February,2018,"481110"
"Jogulamba Gadwal ",2018-03-01,March,2018,"155013"
"Jogulamba Gadwal ",2018-04-01,April,2018,"138673"
"Jogulamba Gadwal ",2018-05-01,May,2018,"131426"
"Jogulamba Gadwal ",2018-06-01,June,2018,"160182"
"Jogulamba Gadwal ",2018-07-01,July,2018,"114951"
"Jogulamba Gadwal ",2018-08-01,August,2018,"123733"
"Jogulamba Gadwal ",2018-09-01,September,2018,"121710"
"Jogulamba Gadwal ",2018-10-01,October,2018,"152898"
"Jogulamba Gadwal ",2018-11-01,November,2018,"128075"
"Jogulamba Gadwal ",2018-12-01,December,2018,"182333"
"Kamareddy ",2018-01-01,January,2018,"44"
"Kamareddy ",2018-02-01,February,2018,"44"
"Kamareddy ",2018-03-01,March,2018,"45"
"Kamareddy ",2018-04-01,April,2018,"45"
"Kamareddy ",2018-05-01,May,2018,"49"
"Kamareddy ",2018-06-01,June,2018,"56"
"Kamareddy ",2018-07-01,July,2018,"48"
"Kamareddy ",2018-08-01,August,2018,"55"
"Kamareddy ",2018-09-01,September,2018,"40"
"Kamareddy ",2018-10-01,October,2018,"62"
"Kamareddy ",2018-11-01,November,2018,"41"
"Kamareddy ",2018-12-01,December,2018,"43"
"Karimnagar ",2018-01-01,January,2018,"13505"
"Karimnagar ",2018-02-01,February,2018,"9330"
"Karimnagar ",2018-03-01,March,2018,"7205"
"Karimnagar ",2018-04-01,April,2018,"5830"
"Karimnagar ",2018-05-01,May,2018,"5689"
"Karimnagar ",2018-06-01,June,2018,"7180"
"Karimnagar ",2018-07-01,July,2018,"6686"
"Karimnagar ",2018-08-01,August,2018,"8480"
"Karimnagar ",2018-09-01,September,2018,"8480"
"Karimnagar ",2018-10-01,October,2018,"6118"
"Karimnagar ",2018-11-01,November,2018,"7145"
"Karimnagar ",2018-12-01,December,2018,"7800"
Khammam,2018-01-01,January,2018,"110094"
Khammam,2018-02-01,February,2018,"104444"
Khammam,2018-03-01,March,2018,"127152"
Khammam,2018-04-01,April,2018,"126553"
Khammam,2018-05-01,May,2018,"135189"
Khammam,2018-06-01,June,2018,"135988"
Khammam,2018-07-01,July,2018,"85932"
Khammam,2018-08-01,August,2018,"86309"
Khammam,2018-09-01,September,2018,"143465"
Khammam,2018-10-01,October,2018,"127645"
Khammam,2018-11-01,November,2018,"99070"
Khammam,2018-12-01,December,2018,"135600"
"Komaram Bheem Asifabad",2018-01-01,January,2018,"2863"
"Komaram Bheem Asifabad",2018-02-01,February,2018,"2736"
"Komaram Bheem Asifabad",2018-03-01,March,2018,"1826"
"Komaram Bheem Asifabad",2018-04-01,April,2018,"868"
"Komaram Bheem Asifabad",2018-05-01,May,2018,"793"
"Komaram Bheem Asifabad",2018-06-01,June,2018,"990"
"Komaram Bheem Asifabad",2018-07-01,July,2018,"1954"
"Komaram Bheem Asifabad",2018-08-01,August,2018,"2263"
"Komaram Bheem Asifabad",2018-09-01,September,2018,"1819"
"Komaram Bheem Asifabad",2018-10-01,October,2018,"2525"
"Komaram Bheem Asifabad",2018-11-01,November,2018,"1741"
"Komaram Bheem Asifabad",2018-12-01,December,2018,"2176"
"Mahabubabad ",2018-01-01,January,2018,"14000"
"Mahabubabad ",2018-02-01,February,2018,"14230"
"Mahabubabad ",2018-03-01,March,2018,"13110"
"Mahabubabad ",2018-04-01,April,2018,"12915"
"Mahabubabad ",2018-05-01,May,2018,"12865"
"Mahabubabad ",2018-06-01,June,2018,"13910"
"Mahabubabad ",2018-07-01,July,2018,"13970"
"Mahabubabad ",2018-08-01,August,2018,"13200"
"Mahabubabad ",2018-09-01,September,2018,"13420"
"Mahabubabad ",2018-10-01,October,2018,"13550"
"Mahabubabad ",2018-11-01,November,2018,"13700"
"Mahabubabad ",2018-12-01,December,2018,"17125"
Mahbubnagar,2018-01-01,January,2018,"156153"
Mahbubnagar,2018-02-01,February,2018,"788083"
Mahbubnagar,2018-03-01,March,2018,"166863"
Mahbubnagar,2018-04-01,April,2018,"196061"
Mahbubnagar,2018-05-01,May,2018,"193478"
Mahbubnagar,2018-06-01,June,2018,"165553"
Mahbubnagar,2018-07-01,July,2018,"161841"
Mahbubnagar,2018-08-01,August,2018,"169154"
Mahbubnagar,2018-09-01,September,2018,"167833"
Mahbubnagar,2018-10-01,October,2018,"193152"
Mahbubnagar,2018-11-01,November,2018,"295910"
Mahbubnagar,2018-12-01,December,2018,"198227"
Mancherial,2018-01-01,January,2018,"71955"
Mancherial,2018-02-01,February,2018,"38599"
Mancherial,2018-03-01,March,2018,"20749"
Mancherial,2018-04-01,April,2018,"38483"
Mancherial,2018-05-01,May,2018,"26179"
Mancherial,2018-06-01,June,2018,"31667"
Mancherial,2018-07-01,July,2018,"27937"
Mancherial,2018-08-01,August,2018,"31861"
Mancherial,2018-09-01,September,2018,"23141"
Mancherial,2018-10-01,October,2018,"30740"
Mancherial,2018-11-01,November,2018,"25197"
Mancherial,2018-12-01,December,2018,"31496"
"Medak ",2018-01-01,January,2018,"100000"
"Medak ",2018-02-01,February,2018,"1000000"
"Medak ",2018-03-01,March,2018,"600000"
"Medak ",2018-04-01,April,2018,"200000"
"Medak ",2018-05-01,May,2018,"300000"
"Medak ",2018-06-01,June,2018,"500000"
"Medak ",2018-07-01,July,2018,"150000"
"Medak ",2018-08-01,August,2018,"50000"
"Medak ",2018-09-01,September,2018,"100000"
"Medak ",2018-10-01,October,2018,"300000"
"Medak ",2018-11-01,November,2018,"200000"
"Medak ",2018-12-01,December,2018,"400000"
"Medchal ",2018-01-01,January,2018,0
"Medchal ",2018-02-01,February,2018,0
"Medchal ",2018-03-01,March,2018,0
"Medchal ",2018-04-01,April,2018,0
"Medchal ",2018-05-01,May,2018,0
"Medchal ",2018-06-01,June,2018,0
"Medchal ",2018-07-01,July,2018,0
"Medchal ",2018-08-01,August,2018,0
"Medchal ",2018-09-01,September,2018,0
"Medchal ",2018-10-01,October,2018,0
"Medchal ",2018-11-01,November,2018,0
"Medchal ",2018-12-01,December,2018,0
"Nagarkurnool ",2018-01-01,January,2018,"228812"
"Nagarkurnool ",2018-02-01,February,2018,"286258"
"Nagarkurnool ",2018-03-01,March,2018,"184508"
"Nagarkurnool ",2018-04-01,April,2018,"174592"
"Nagarkurnool ",2018-05-01,May,2018,"183697"
"Nagarkurnool ",2018-06-01,June,2018,"180010"
"Nagarkurnool ",2018-07-01,July,2018,"93450"
"Nagarkurnool ",2018-08-01,August,2018,"118010"
"Nagarkurnool ",2018-09-01,September,2018,"118449"
"Nagarkurnool ",2018-10-01,October,2018,"201050"
"Nagarkurnool ",2018-11-01,November,2018,"121452"
"Nagarkurnool ",2018-12-01,December,2018,"198637"
Nalgonda,2018-01-01,January,2018,"36205"
Nalgonda,2018-02-01,February,2018,"9971"
Nalgonda,2018-03-01,March,2018,"9677"
Nalgonda,2018-04-01,April,2018,"9779"
Nalgonda,2018-05-01,May,2018,"10241"
Nalgonda,2018-06-01,June,2018,"9066"
Nalgonda,2018-07-01,July,2018,"9668"
Nalgonda,2018-08-01,August,2018,"10135"
Nalgonda,2018-09-01,September,2018,"21365"
Nalgonda,2018-10-01,October,2018,"22332"
Nalgonda,2018-11-01,November,2018,"5422"
Nalgonda,2018-12-01,December,2018,"6777"
Nirmal,2018-01-01,January,2018,"480241"
Nirmal,2018-02-01,February,2018,"335447"
Nirmal,2018-03-01,March,2018,"328099"
Nirmal,2018-04-01,April,2018,"368645"
Nirmal,2018-05-01,May,2018,"342650"
Nirmal,2018-06-01,June,2018,"355197"
Nirmal,2018-07-01,July,2018,"335356"
Nirmal,2018-08-01,August,2018,"313910"
Nirmal,2018-09-01,September,2018,"293859"
Nirmal,2018-10-01,October,2018,"373291"
Nirmal,2018-11-01,November,2018,"289169"
Nirmal,2018-12-01,December,2018,"361461"
Nizamabad,2018-01-01,January,2018,"2495"
Nizamabad,2018-02-01,February,2018,"7152"
Nizamabad,2018-03-01,March,2018,"2903"
Nizamabad,2018-04-01,April,2018,"3550"
Nizamabad,2018-05-01,May,2018,"5360"
Nizamabad,2018-06-01,June,2018,"1761"
Nizamabad,2018-07-01,July,2018,"5882"
Nizamabad,2018-08-01,August,2018,"10525"
Nizamabad,2018-09-01,September,2018,"475"
Nizamabad,2018-10-01,October,2018,"490"
Nizamabad,2018-11-01,November,2018,"475"
Nizamabad,2018-12-01,December,2018,"355"
Peddapalli,2018-01-01,January,2018,"2670"
Peddapalli,2018-02-01,February,2018,"2695"
Peddapalli,2018-03-01,March,2018,"2325"
Peddapalli,2018-04-01,April,2018,"1940"
Peddapalli,2018-05-01,May,2018,"1499"
Peddapalli,2018-06-01,June,2018,"1580"
Peddapalli,2018-07-01,July,2018,"1580"
Peddapalli,2018-08-01,August,2018,"1595"
Peddapalli,2018-09-01,September,2018,"1475"
Peddapalli,2018-10-01,October,2018,"1545"
Peddapalli,2018-11-01,November,2018,"1655"
Peddapalli,2018-12-01,December,2018,"1695"
"Rajanna Sircilla ",2018-01-01,January,2018,"2238074"
"Rajanna Sircilla ",2018-02-01,February,2018,"1021787"
"Rajanna Sircilla ",2018-03-01,March,2018,"1022669"
"Rajanna Sircilla ",2018-04-01,April,2018,"833874"
"Rajanna Sircilla ",2018-05-01,May,2018,"1021952"
"Rajanna Sircilla ",2018-06-01,June,2018,"320886"
"Rajanna Sircilla ",2018-07-01,July,2018,"937720"
"Rajanna Sircilla ",2018-08-01,August,2018,"320952"
"Rajanna Sircilla ",2018-09-01,September,2018,"818693"
"Rajanna Sircilla ",2018-10-01,October,2018,"506563"
"Rajanna Sircilla ",2018-11-01,November,2018,"840933"
"Rajanna Sircilla ",2018-12-01,December,2018,"950128"
"Ranga Reddy",2018-01-01,January,2018,0
"Ranga Reddy",2018-02-01,February,2018,0
"Ranga Reddy",2018-03-01,March,2018,0
"Ranga Reddy",2018-04-01,April,2018,0
"Ranga Reddy",2018-05-01,May,2018,0
"Ranga Reddy",2018-06-01,June,2018,0
"Ranga Reddy",2018-07-01,July,2018,0
"Ranga Reddy",2018-08-01,August,2018,0
"Ranga Reddy",2018-09-01,September,2018,0
"Ranga Reddy",2018-10-01,October,2018,0
"Ranga Reddy",2018-11-01,November,2018,0
"Ranga Reddy",2018-12-01,December,2018,0
"Sangareddy ",2018-01-01,January,2018,"254000"
"Sangareddy ",2018-02-01,February,2018,"540000"
"Sangareddy ",2018-03-01,March,2018,"158500"
"Sangareddy ",2018-04-01,April,2018,"162500"
"Sangareddy ",2018-05-01,May,2018,"157000"
"Sangareddy ",2018-06-01,June,2018,"93500"
"Sangareddy ",2018-07-01,July,2018,"108600"
"Sangareddy ",2018-08-01,August,2018,"205000"
"Sangareddy ",2018-09-01,September,2018,"125000"
"Sangareddy ",2018-10-01,October,2018,"171800"
"Sangareddy ",2018-11-01,November,2018,"160000"
"Sangareddy ",2018-12-01,December,2018,"134000"
Siddipet,2018-01-01,January,2018,"253000"
Siddipet,2018-02-01,February,2018,"44000"
Siddipet,2018-03-01,March,2018,"164800"
Siddipet,2018-04-01,April,2018,"115000"
Siddipet,2018-05-01,May,2018,"165200"
Siddipet,2018-06-01,June,2018,"104300"
Siddipet,2018-07-01,July,2018,"54000"
Siddipet,2018-08-01,August,2018,"100000"
Siddipet,2018-09-01,September,2018,"55000"
Siddipet,2018-10-01,October,2018,"43000"
Siddipet,2018-11-01,November,2018,"135000"
Siddipet,2018-12-01,December,2018,"50000"
Suryapet,2018-01-01,January,2018,0
Suryapet,2018-02-01,February,2018,0
Suryapet,2018-03-01,March,2018,0
Suryapet,2018-04-01,April,2018,0
Suryapet,2018-05-01,May,2018,0
Suryapet,2018-06-01,June,2018,0
Suryapet,2018-07-01,July,2018,0
Suryapet,2018-08-01,August,2018,0
Suryapet,2018-09-01,September,2018,0
Suryapet,2018-10-01,October,2018,0
Suryapet,2018-11-01,November,2018,0
Suryapet,2018-12-01,December,2018,0
Vikarabad,2018-01-01,January,2018,0
Vikarabad,2018-02-01,February,2018,0
Vikarabad,2018-03-01,March,2018,0
Vikarabad,2018-04-01,April,2018,0
Vikarabad,2018-05-01,May,2018,0
Vikarabad,2018-06-01,June,2018,0
Vikarabad,2018-07-01,July,2018,0
Vikarabad,2018-08-01,August,2018,0
Vikarabad,2018-09-01,September,2018,0
Vikarabad,2018-10-01,October,2018,0
Vikarabad,2018-11-01,November,2018,0
Vikarabad,2018-12-01,December,2018,0
"Wanaparthy ",2018-01-01,January,2018,"28131"
"Wanaparthy ",2018-02-01,February,2018,"22341"
"Wanaparthy ",2018-03-01,March,2018,"20050"
"Wanaparthy ",2018-04-01,April,2018,"10550"
"Wanaparthy ",2018-05-01,May,2018,"11502"
"Wanaparthy ",2018-06-01,June,2018,"19092"
"Wanaparthy ",2018-07-01,July,2018,"32625"
"Wanaparthy ",2018-08-01,August,2018,"35860"
"Wanaparthy ",2018-09-01,September,2018,"32002"
"Wanaparthy ",2018-10-01,October,2018,"21234"
"Wanaparthy ",2018-11-01,November,2018,"32657"
"Wanaparthy ",2018-12-01,December,2018,"20556"
"Warangal (Rural)",2018-01-01,January,2018,"25200"
"Warangal (Rural)",2018-02-01,February,2018,"26300"
"Warangal (Rural)",2018-03-01,March,2018,"26200"
"Warangal (Rural)",2018-04-01,April,2018,"21600"
"Warangal (Rural)",2018-05-01,May,2018,"22100"
"Warangal (Rural)",2018-06-01,June,2018,"23100"
"Warangal (Rural)",2018-07-01,July,2018,"25900"
"Warangal (Rural)",2018-08-01,August,2018,"25700"
"Warangal (Rural)",2018-09-01,September,2018,"25800"
"Warangal (Rural)",2018-10-01,October,2018,"26000"
"Warangal (Rural)",2018-11-01,November,2018,"24050"
"Warangal (Rural)",2018-12-01,December,2018,"30062"
"Warangal (Urban)",2018-01-01,January,2018,"137530"
"Warangal (Urban)",2018-02-01,February,2018,"145750"
"Warangal (Urban)",2018-03-01,March,2018,"140300"
"Warangal (Urban)",2018-04-01,April,2018,"142510"
"Warangal (Urban)",2018-05-01,May,2018,"143425"
"Warangal (Urban)",2018-06-01,June,2018,"135615"
"Warangal (Urban)",2018-07-01,July,2018,"136560"
"Warangal (Urban)",2018-08-01,August,2018,"136760"
"Warangal (Urban)",2018-09-01,September,2018,"138780"
"Warangal (Urban)",2018-10-01,October,2018,"140948"
"Warangal (Urban)",2018-11-01,November,2018,"144515"
"Warangal (Urban)",2018-12-01,December,2018,"180643"
"Yadadri Bhongir",2018-01-01,January,2018,"2016000"
"Yadadri Bhongir",2018-02-01,February,2018,"3073872"
"Yadadri Bhongir",2018-03-01,March,2018,"2836580"
"Yadadri Bhongir",2018-04-01,April,2018,"692370"
"Yadadri Bhongir",2018-05-01,May,2018,"781842"
"Yadadri Bhongir",2018-06-01,June,2018,"577570"
"Yadadri Bhongir",2018-07-01,July,2018,"671156"
"Yadadri Bhongir",2018-08-01,August,2018,"526445"
"Yadadri Bhongir",2018-09-01,September,2018,"819350"
"Yadadri Bhongir",2018-10-01,October,2018,"586475"
"Yadadri Bhongir",2018-11-01,November,2018,"485208"
"Yadadri Bhongir",2018-12-01,December,2018,"606510"
Adilabad,2019-01-01,January,2019,"25071"
Adilabad,2019-02-01,February,2019,"406177"
Adilabad,2019-03-01,March,2019,"14347"
Adilabad,2019-04-01,April,2019,"9972"
Adilabad,2019-05-01,May,2019,"6997"
Adilabad,2019-06-01,June,2019,"9161"
Adilabad,2019-07-01,July,2019,"11791"
Adilabad,2019-08-01,August,2019,"108173"
Adilabad,2019-09-01,September,2019,"37589"
Adilabad,2019-10-01,October,2019,"38184"
Adilabad,2019-11-01,November,2019,"70344"
Adilabad,2019-12-01,December,2019,"38089"
"Bhadradri Kothagudem ",2019-01-01,January,2019,"283365"
"Bhadradri Kothagudem ",2019-02-01,February,2019,"229159"
"Bhadradri Kothagudem ",2019-03-01,March,2019,"225448"
"Bhadradri Kothagudem ",2019-04-01,April,2019,"349585"
"Bhadradri Kothagudem ",2019-05-01,May,2019,"275800"
"Bhadradri Kothagudem ",2019-06-01,June,2019,"9761776"
"Bhadradri Kothagudem ",2019-07-01,July,2019,"233338"
"Bhadradri Kothagudem ",2019-08-01,August,2019,"271941"
"Bhadradri Kothagudem ",2019-09-01,September,2019,"314199"
"Bhadradri Kothagudem ",2019-10-01,October,2019,"287432"
"Bhadradri Kothagudem ",2019-11-01,November,2019,"298366"
"Bhadradri Kothagudem ",2019-12-01,December,2019,"287328"
Hyderabad,2019-01-01,January,2019,"1426500"
Hyderabad,2019-02-01,February,2019,"983147"
Hyderabad,2019-03-01,March,2019,"1009991"
Hyderabad,2019-04-01,April,2019,"1045933"
Hyderabad,2019-05-01,May,2019,"1305748"
Hyderabad,2019-06-01,June,2019,"1262995"
Hyderabad,2019-07-01,July,2019,"1094861"
Hyderabad,2019-08-01,August,2019,"1121380"
Hyderabad,2019-09-01,September,2019,"959930"
Hyderabad,2019-10-01,October,2019,"1240643"
Hyderabad,2019-11-01,November,2019,"1073665"
Hyderabad,2019-12-01,December,2019,"1277569"
"Jagtial ",2019-01-01,January,2019,"211913"
"Jagtial ",2019-02-01,February,2019,"215105"
"Jagtial ",2019-03-01,March,2019,"194090"
"Jagtial ",2019-04-01,April,2019,"447226"
"Jagtial ",2019-05-01,May,2019,"500206"
"Jagtial ",2019-06-01,June,2019,"235363"
"Jagtial ",2019-07-01,July,2019,"157419"
"Jagtial ",2019-08-01,August,2019,"151570"
"Jagtial ",2019-09-01,September,2019,"157564"
"Jagtial ",2019-10-01,October,2019,"165070"
"Jagtial ",2019-11-01,November,2019,"277630"
"Jagtial ",2019-12-01,December,2019,"372959"
"Jangaon ",2019-01-01,January,2019,"28750"
"Jangaon ",2019-02-01,February,2019,"28810"
"Jangaon ",2019-03-01,March,2019,"27300"
"Jangaon ",2019-04-01,April,2019,"26160"
"Jangaon ",2019-05-01,May,2019,"26740"
"Jangaon ",2019-06-01,June,2019,"25820"
"Jangaon ",2019-07-01,July,2019,"24160"
"Jangaon ",2019-08-01,August,2019,"27800"
"Jangaon ",2019-09-01,September,2019,"28640"
"Jangaon ",2019-10-01,October,2019,"27840"
"Jangaon ",2019-11-01,November,2019,"28410"
"Jangaon ",2019-12-01,December,2019,"28460"
"Jayashankar Bhoopalpally",2019-01-01,January,2019,"197430"
"Jayashankar Bhoopalpally",2019-02-01,February,2019,"33500"
"Jayashankar Bhoopalpally",2019-03-01,March,2019,"37500"
"Jayashankar Bhoopalpally",2019-04-01,April,2019,"38500"
"Jayashankar Bhoopalpally",2019-05-01,May,2019,"30800"
"Jayashankar Bhoopalpally",2019-06-01,June,2019,"40500"
"Jayashankar Bhoopalpally",2019-07-01,July,2019,"45500"
"Jayashankar Bhoopalpally",2019-08-01,August,2019,"45000"
"Jayashankar Bhoopalpally",2019-09-01,September,2019,"50500"
"Jayashankar Bhoopalpally",2019-10-01,October,2019,"46000"
"Jayashankar Bhoopalpally",2019-11-01,November,2019,"51500"
"Jayashankar Bhoopalpally",2019-12-01,December,2019,"45800"
"Jogulamba Gadwal ",2019-01-01,January,2019,"146441"
"Jogulamba Gadwal ",2019-02-01,February,2019,"481110"
"Jogulamba Gadwal ",2019-03-01,March,2019,"155013"
"Jogulamba Gadwal ",2019-04-01,April,2019,"82334"
"Jogulamba Gadwal ",2019-05-01,May,2019,"154609"
"Jogulamba Gadwal ",2019-06-01,June,2019,"155013"
"Jogulamba Gadwal ",2019-07-01,July,2019,"114951"
"Jogulamba Gadwal ",2019-08-01,August,2019,"123733"
"Jogulamba Gadwal ",2019-09-01,September,2019,"131485"
"Jogulamba Gadwal ",2019-10-01,October,2019,"152898"
"Jogulamba Gadwal ",2019-11-01,November,2019,"128075"
"Jogulamba Gadwal ",2019-12-01,December,2019,"182333"
"Kamareddy ",2019-01-01,January,2019,"42"
"Kamareddy ",2019-02-01,February,2019,"41"
"Kamareddy ",2019-03-01,March,2019,"45"
"Kamareddy ",2019-04-01,April,2019,"41"
"Kamareddy ",2019-05-01,May,2019,"46"
"Kamareddy ",2019-06-01,June,2019,"41"
"Kamareddy ",2019-07-01,July,2019,"50"
"Kamareddy ",2019-08-01,August,2019,"50"
"Kamareddy ",2019-09-01,September,2019,"41"
"Kamareddy ",2019-10-01,October,2019,"46"
"Kamareddy ",2019-11-01,November,2019,"46"
"Kamareddy ",2019-12-01,December,2019,"45"
"Karimnagar ",2019-01-01,January,2019,"10285"
"Karimnagar ",2019-02-01,February,2019,"6480"
"Karimnagar ",2019-03-01,March,2019,"6634"
"Karimnagar ",2019-04-01,April,2019,"5623"
"Karimnagar ",2019-05-01,May,2019,"3393"
"Karimnagar ",2019-06-01,June,2019,"3871"
"Karimnagar ",2019-07-01,July,2019,"5192"
"Karimnagar ",2019-08-01,August,2019,"5480"
"Karimnagar ",2019-09-01,September,2019,"8735"
"Karimnagar ",2019-10-01,October,2019,"6799"
"Karimnagar ",2019-11-01,November,2019,"7101"
"Karimnagar ",2019-12-01,December,2019,"7898"
Khammam,2019-01-01,January,2019,"123550"
Khammam,2019-02-01,February,2019,"98471"
Khammam,2019-03-01,March,2019,"91340"
Khammam,2019-04-01,April,2019,"135920"
Khammam,2019-05-01,May,2019,"130971"
Khammam,2019-06-01,June,2019,"127270"
Khammam,2019-07-01,July,2019,"103260"
Khammam,2019-08-01,August,2019,"111374"
Khammam,2019-09-01,September,2019,"133754"
Khammam,2019-10-01,October,2019,"128625"
Khammam,2019-11-01,November,2019,"104380"
Khammam,2019-12-01,December,2019,"124525"
"Komaram Bheem Asifabad",2019-01-01,January,2019,"2476"
"Komaram Bheem Asifabad",2019-02-01,February,2019,"1449"
"Komaram Bheem Asifabad",2019-03-01,March,2019,"1212"
"Komaram Bheem Asifabad",2019-04-01,April,2019,"663"
"Komaram Bheem Asifabad",2019-05-01,May,2019,"493"
"Komaram Bheem Asifabad",2019-06-01,June,2019,"506"
"Komaram Bheem Asifabad",2019-07-01,July,2019,"1287"
"Komaram Bheem Asifabad",2019-08-01,August,2019,"2572"
"Komaram Bheem Asifabad",2019-09-01,September,2019,"1629"
"Komaram Bheem Asifabad",2019-10-01,October,2019,"1943"
"Komaram Bheem Asifabad",2019-11-01,November,2019,"2176"
"Komaram Bheem Asifabad",2019-12-01,December,2019,"2783"
"Mahabubabad ",2019-01-01,January,2019,"13480"
"Mahabubabad ",2019-02-01,February,2019,"13545"
"Mahabubabad ",2019-03-01,March,2019,"13490"
"Mahabubabad ",2019-04-01,April,2019,"12980"
"Mahabubabad ",2019-05-01,May,2019,"11970"
"Mahabubabad ",2019-06-01,June,2019,"11460"
"Mahabubabad ",2019-07-01,July,2019,"13470"
"Mahabubabad ",2019-08-01,August,2019,"12190"
"Mahabubabad ",2019-09-01,September,2019,"13210"
"Mahabubabad ",2019-10-01,October,2019,"12260"
"Mahabubabad ",2019-11-01,November,2019,"12470"
"Mahabubabad ",2019-12-01,December,2019,"12360"
Mahbubnagar,2019-01-01,January,2019,"168082"
Mahbubnagar,2019-02-01,February,2019,"798949"
Mahbubnagar,2019-03-01,March,2019,"173658"
Mahbubnagar,2019-04-01,April,2019,"183268"
Mahbubnagar,2019-05-01,May,2019,"175202"
Mahbubnagar,2019-06-01,June,2019,"175853"
Mahbubnagar,2019-07-01,July,2019,"100398"
Mahbubnagar,2019-08-01,August,2019,"104787"
Mahbubnagar,2019-09-01,September,2019,"141387"
Mahbubnagar,2019-10-01,October,2019,"130227"
Mahbubnagar,2019-11-01,November,2019,"234066"
Mahbubnagar,2019-12-01,December,2019,"148938"
Mancherial,2019-01-01,January,2019,"18420"
Mancherial,2019-02-01,February,2019,"26325"
Mancherial,2019-03-01,March,2019,"16253"
Mancherial,2019-04-01,April,2019,"23026"
Mancherial,2019-05-01,May,2019,"26616"
Mancherial,2019-06-01,June,2019,"24593"
Mancherial,2019-07-01,July,2019,"22303"
Mancherial,2019-08-01,August,2019,"21191"
Mancherial,2019-09-01,September,2019,"24079"
Mancherial,2019-10-01,October,2019,"20867"
Mancherial,2019-11-01,November,2019,"29302"
Mancherial,2019-12-01,December,2019,"16835"
"Medak ",2019-01-01,January,2019,"400000"
"Medak ",2019-02-01,February,2019,"600000"
"Medak ",2019-03-01,March,2019,"1000000"
"Medak ",2019-04-01,April,2019,"650000"
"Medak ",2019-05-01,May,2019,"400000"
"Medak ",2019-06-01,June,2019,"300000"
"Medak ",2019-07-01,July,2019,"350000"
"Medak ",2019-08-01,August,2019,"349900"
"Medak ",2019-09-01,September,2019,"350400"
"Medak ",2019-10-01,October,2019,"350000"
"Medak ",2019-11-01,November,2019,"351560"
"Medak ",2019-12-01,December,2019,"350710"
"Medchal ",2019-01-01,January,2019,0
"Medchal ",2019-02-01,February,2019,0
"Medchal ",2019-03-01,March,2019,0
"Medchal ",2019-04-01,April,2019,0
"Medchal ",2019-05-01,May,2019,0
"Medchal ",2019-06-01,June,2019,0
"Medchal ",2019-07-01,July,2019,0
"Medchal ",2019-08-01,August,2019,0
"Medchal ",2019-09-01,September,2019,0
"Medchal ",2019-10-01,October,2019,0
"Medchal ",2019-11-01,November,2019,0
"Medchal ",2019-12-01,December,2019,0
Mulugu,2019-01-01,January,2019,0
Mulugu,2019-02-01,February,2019,"159640"
Mulugu,2019-03-01,March,2019,"156610"
Mulugu,2019-04-01,April,2019,"152570"
Mulugu,2019-05-01,May,2019,"154550"
Mulugu,2019-06-01,June,2019,"163480"
Mulugu,2019-07-01,July,2019,"167700"
Mulugu,2019-08-01,August,2019,"171050"
Mulugu,2019-09-01,September,2019,"172900"
Mulugu,2019-10-01,October,2019,"172500"
Mulugu,2019-11-01,November,2019,"173700"
Mulugu,2019-12-01,December,2019,"175100"
"Nagarkurnool ",2019-01-01,January,2019,"228812"
"Nagarkurnool ",2019-02-01,February,2019,"286258"
"Nagarkurnool ",2019-03-01,March,2019,"184508"
"Nagarkurnool ",2019-04-01,April,2019,"121460"
"Nagarkurnool ",2019-05-01,May,2019,"184372"
"Nagarkurnool ",2019-06-01,June,2019,"184508"
"Nagarkurnool ",2019-07-01,July,2019,"93450"
"Nagarkurnool ",2019-08-01,August,2019,"118010"
"Nagarkurnool ",2019-09-01,September,2019,"175712"
"Nagarkurnool ",2019-10-01,October,2019,"196160"
"Nagarkurnool ",2019-11-01,November,2019,"121425"
"Nagarkurnool ",2019-12-01,December,2019,"198637"
Nalgonda,2019-01-01,January,2019,"21284"
Nalgonda,2019-02-01,February,2019,"13697"
Nalgonda,2019-03-01,March,2019,"8467"
Nalgonda,2019-04-01,April,2019,"7202"
Nalgonda,2019-05-01,May,2019,"26338"
Nalgonda,2019-06-01,June,2019,"5558"
Nalgonda,2019-07-01,July,2019,"19783"
Nalgonda,2019-08-01,August,2019,"7473"
Nalgonda,2019-09-01,September,2019,"5230"
Nalgonda,2019-10-01,October,2019,"5290"
Nalgonda,2019-11-01,November,2019,"7177"
Nalgonda,2019-12-01,December,2019,"13419"
Narayanpet,2019-01-01,January,2019,0
Narayanpet,2019-02-01,February,2019,0
Narayanpet,2019-03-01,March,2019,0
Narayanpet,2019-04-01,April,2019,0
Narayanpet,2019-05-01,May,2019,0
Narayanpet,2019-06-01,June,2019,0
Narayanpet,2019-07-01,July,2019,"68842"
Narayanpet,2019-08-01,August,2019,"72249"
Narayanpet,2019-09-01,September,2019,"62841"
Narayanpet,2019-10-01,October,2019,"58213"
Narayanpet,2019-11-01,November,2019,"62750"
Narayanpet,2019-12-01,December,2019,"64355"
Nirmal,2019-01-01,January,2019,"313675"
Nirmal,2019-02-01,February,2019,"443898"
Nirmal,2019-03-01,March,2019,"424964"
Nirmal,2019-04-01,April,2019,"327971"
Nirmal,2019-05-01,May,2019,"149705"
Nirmal,2019-06-01,June,2019,"349747"
Nirmal,2019-07-01,July,2019,"359495"
Nirmal,2019-08-01,August,2019,"334646"
Nirmal,2019-09-01,September,2019,"299827"
Nirmal,2019-10-01,October,2019,"263412"
Nirmal,2019-11-01,November,2019,"253388"
Nirmal,2019-12-01,December,2019,"296050"
Nizamabad,2019-01-01,January,2019,"878"
Nizamabad,2019-02-01,February,2019,"915"
Nizamabad,2019-03-01,March,2019,"938"
Nizamabad,2019-04-01,April,2019,"958"
Nizamabad,2019-05-01,May,2019,"1193"
Nizamabad,2019-06-01,June,2019,"686"
Nizamabad,2019-07-01,July,2019,"990"
Nizamabad,2019-08-01,August,2019,"1004"
Nizamabad,2019-09-01,September,2019,"6572"
Nizamabad,2019-10-01,October,2019,"8849"
Nizamabad,2019-11-01,November,2019,"11950"
Nizamabad,2019-12-01,December,2019,"11400"
Peddapalli,2019-01-01,January,2019,"1055"
Peddapalli,2019-02-01,February,2019,"1157"
Peddapalli,2019-03-01,March,2019,"895"
Peddapalli,2019-04-01,April,2019,"942"
Peddapalli,2019-05-01,May,2019,"802"
Peddapalli,2019-06-01,June,2019,"735"
Peddapalli,2019-07-01,July,2019,"1085"
Peddapalli,2019-08-01,August,2019,"1505"
Peddapalli,2019-09-01,September,2019,"1785"
Peddapalli,2019-10-01,October,2019,"2080"
Peddapalli,2019-11-01,November,2019,"2225"
Peddapalli,2019-12-01,December,2019,"2315"
"Rajanna Sircilla ",2019-01-01,January,2019,"6188298"
"Rajanna Sircilla ",2019-02-01,February,2019,"1015550"
"Rajanna Sircilla ",2019-03-01,March,2019,"1444971"
"Rajanna Sircilla ",2019-04-01,April,2019,"1148062"
"Rajanna Sircilla ",2019-05-01,May,2019,"1018131"
"Rajanna Sircilla ",2019-06-01,June,2019,"1128849"
"Rajanna Sircilla ",2019-07-01,July,2019,"422961"
"Rajanna Sircilla ",2019-08-01,August,2019,"586118"
"Rajanna Sircilla ",2019-09-01,September,2019,"501293"
"Rajanna Sircilla ",2019-10-01,October,2019,"646492"
"Rajanna Sircilla ",2019-11-01,November,2019,"1259371"
"Rajanna Sircilla ",2019-12-01,December,2019,"1472801"
"Ranga Reddy",2019-01-01,January,2019,0
"Ranga Reddy",2019-02-01,February,2019,0
"Ranga Reddy",2019-03-01,March,2019,0
"Ranga Reddy",2019-04-01,April,2019,0
"Ranga Reddy",2019-05-01,May,2019,0
"Ranga Reddy",2019-06-01,June,2019,0
"Ranga Reddy",2019-07-01,July,2019,0
"Ranga Reddy",2019-08-01,August,2019,0
"Ranga Reddy",2019-09-01,September,2019,0
"Ranga Reddy",2019-10-01,October,2019,0
"Ranga Reddy",2019-11-01,November,2019,0
"Ranga Reddy",2019-12-01,December,2019,0
"Sangareddy ",2019-01-01,January,2019,"144000"
"Sangareddy ",2019-02-01,February,2019,"148000"
"Sangareddy ",2019-03-01,March,2019,"747000"
"Sangareddy ",2019-04-01,April,2019,"205000"
"Sangareddy ",2019-05-01,May,2019,"133000"
"Sangareddy ",2019-06-01,June,2019,"347000"
"Sangareddy ",2019-07-01,July,2019,"467000"
"Sangareddy ",2019-08-01,August,2019,"466150"
"Sangareddy ",2019-09-01,September,2019,"468350"
"Sangareddy ",2019-10-01,October,2019,"467470"
"Sangareddy ",2019-11-01,November,2019,"481720"
"Sangareddy ",2019-12-01,December,2019,"478470"
Siddipet,2019-01-01,January,2019,"140793"
Siddipet,2019-02-01,February,2019,"199549"
Siddipet,2019-03-01,March,2019,"204600"
Siddipet,2019-04-01,April,2019,"184412"
Siddipet,2019-05-01,May,2019,"110500"
Siddipet,2019-06-01,June,2019,"1037000"
Siddipet,2019-07-01,July,2019,"179320"
Siddipet,2019-08-01,August,2019,"190750"
Siddipet,2019-09-01,September,2019,"122550"
Siddipet,2019-10-01,October,2019,"191330"
Siddipet,2019-11-01,November,2019,"209130"
Siddipet,2019-12-01,December,2019,"217930"
Suryapet,2019-01-01,January,2019,0
Suryapet,2019-02-01,February,2019,0
Suryapet,2019-03-01,March,2019,0
Suryapet,2019-04-01,April,2019,0
Suryapet,2019-05-01,May,2019,0
Suryapet,2019-06-01,June,2019,0
Suryapet,2019-07-01,July,2019,0
Suryapet,2019-08-01,August,2019,0
Suryapet,2019-09-01,September,2019,0
Suryapet,2019-10-01,October,2019,0
Suryapet,2019-11-01,November,2019,0
Suryapet,2019-12-01,December,2019,0
Vikarabad,2019-01-01,January,2019,0
Vikarabad,2019-02-01,February,2019,0
Vikarabad,2019-03-01,March,2019,0
Vikarabad,2019-04-01,April,2019,0
Vikarabad,2019-05-01,May,2019,0
Vikarabad,2019-06-01,June,2019,0
Vikarabad,2019-07-01,July,2019,0
Vikarabad,2019-08-01,August,2019,0
Vikarabad,2019-09-01,September,2019,0
Vikarabad,2019-10-01,October,2019,0
Vikarabad,2019-11-01,November,2019,0
Vikarabad,2019-12-01,December,2019,0
"Wanaparthy ",2019-01-01,January,2019,"28131"
"Wanaparthy ",2019-02-01,February,2019,"22342"
"Wanaparthy ",2019-03-01,March,2019,"20050"
"Wanaparthy ",2019-04-01,April,2019,"23749"
"Wanaparthy ",2019-05-01,May,2019,"20010"
"Wanaparthy ",2019-06-01,June,2019,"20050"
"Wanaparthy ",2019-07-01,July,2019,"32625"
"Wanaparthy ",2019-08-01,August,2019,"35860"
"Wanaparthy ",2019-09-01,September,2019,"21375"
"Wanaparthy ",2019-10-01,October,2019,"21234"
"Wanaparthy ",2019-11-01,November,2019,"32657"
"Wanaparthy ",2019-12-01,December,2019,"20556"
"Warangal (Rural)",2019-01-01,January,2019,"28700"
"Warangal (Rural)",2019-02-01,February,2019,"28800"
"Warangal (Rural)",2019-03-01,March,2019,"29000"
"Warangal (Rural)",2019-04-01,April,2019,"26900"
"Warangal (Rural)",2019-05-01,May,2019,"24900"
"Warangal (Rural)",2019-06-01,June,2019,"27100"
"Warangal (Rural)",2019-07-01,July,2019,"28600"
"Warangal (Rural)",2019-08-01,August,2019,"31600"
"Warangal (Rural)",2019-09-01,September,2019,"32600"
"Warangal (Rural)",2019-10-01,October,2019,"31100"
"Warangal (Rural)",2019-11-01,November,2019,"32150"
"Warangal (Rural)",2019-12-01,December,2019,"32050"
"Warangal (Urban)",2019-01-01,January,2019,"151545"
"Warangal (Urban)",2019-02-01,February,2019,"157755"
"Warangal (Urban)",2019-03-01,March,2019,"154305"
"Warangal (Urban)",2019-04-01,April,2019,"150425"
"Warangal (Urban)",2019-05-01,May,2019,"143230"
"Warangal (Urban)",2019-06-01,June,2019,"144400"
"Warangal (Urban)",2019-07-01,July,2019,"145440"
"Warangal (Urban)",2019-08-01,August,2019,"148030"
"Warangal (Urban)",2019-09-01,September,2019,"151070"
"Warangal (Urban)",2019-10-01,October,2019,"147450"
"Warangal (Urban)",2019-11-01,November,2019,"153880"
"Warangal (Urban)",2019-12-01,December,2019,"147700"
"Yadadri Bhongir",2019-01-01,January,2019,"479293"
"Yadadri Bhongir",2019-02-01,February,2019,"56525"
"Yadadri Bhongir",2019-03-01,March,2019,"481923"
"Yadadri Bhongir",2019-04-01,April,2019,"441150"
"Yadadri Bhongir",2019-05-01,May,2019,"345790"
"Yadadri Bhongir",2019-06-01,June,2019,"370566"
"Yadadri Bhongir",2019-07-01,July,2019,"332770"
"Yadadri Bhongir",2019-08-01,August,2019,"389010"
"Yadadri Bhongir",2019-09-01,September,2019,"366862"
"Yadadri Bhongir",2019-10-01,October,2019,"381860"
"Yadadri Bhongir",2019-11-01,November,2019,"365990"
"Yadadri Bhongir",2019-12-01,December,2019,"477635"
