district,footfall_ratio_2019
Mulugu,6.68523062906852
Mulugu,6.68523062906852
Nirmal,5.094199455448187
Nirmal,5.094199455448187
Hyderabad,3.3141510441991273
Hyderabad,3.3141510441991273
Siddipet,2.795332667213035
Siddipet,2.795332667213035
Adilabad,1.0362274613398792
Adilabad,1.0362274613398792
Khammam,0.954821869355098
Khammam,0.954821869355098
Narayanpet,0.6501641069325783
Narayanpet,0.6501641069325783
Mancherial,0.3165524515480343
Mancherial,0.3165524515480343
Nalgonda,0.08244371989565093
Nalgonda,0.08244371989565093
"Komaram Bheem Asifabad",0.035224298139017486
"Komaram Bheem Asifabad",0.035224298139017486
Nizamabad,0.02792475209572754
Nizamabad,0.02792475209572754
Peddapalli,0.019739826209527165
Peddapalli,0.019739826209527165
"Ranga Reddy",0
Suryapet,0
Vikarabad,0
"Ranga Reddy",0
Suryapet,0
Vikarabad,0
