DISTRICT,DATE,MONTH,YEAR,VISITORS
Adilabad,2016-01-01,January,2016,"2"
Adilabad,2016-02-01,February,2016,0
Adilabad,2016-03-01,March,2016,"2"
Adilabad,2016-04-01,April,2016,0
Adilabad,2016-05-01,May,2016,0
Adilabad,2016-06-01,June,2016,0
Adilabad,2016-07-01,July,2016,"4"
Adilabad,2016-08-01,August,2016,"2"
Adilabad,2016-09-01,September,2016,0
Adilabad,2016-10-01,October,2016,0
Adilabad,2016-11-01,November,2016,0
Adilabad,2016-12-01,December,2016,0
"Bhadradri Kothagudem ",2016-01-01,January,2016,0
"Bhadradri Kothagudem ",2016-02-01,February,2016,0
"Bhadradri Kothagudem ",2016-03-01,March,2016,0
"Bhadradri Kothagudem ",2016-04-01,April,2016,0
"Bhadradri Kothagudem ",2016-05-01,May,2016,0
"Bhadradri Kothagudem ",2016-06-01,June,2016,0
"Bhadradri Kothagudem ",2016-07-01,July,2016,0
"Bhadradri Kothagudem ",2016-08-01,August,2016,0
"Bhadradri Kothagudem ",2016-09-01,September,2016,0
"Bhadradri Kothagudem ",2016-10-01,October,2016,0
"Bhadradri Kothagudem ",2016-11-01,November,2016,0
"Bhadradri Kothagudem ",2016-12-01,December,2016,0
Hyderabad,2016-01-01,January,2016,"15865"
Hyderabad,2016-02-01,February,2016,"29646"
Hyderabad,2016-03-01,March,2016,"13019"
Hyderabad,2016-04-01,April,2016,"8402"
Hyderabad,2016-05-01,May,2016,"8522"
Hyderabad,2016-06-01,June,2016,"10284"
Hyderabad,2016-07-01,July,2016,"17142"
Hyderabad,2016-08-01,August,2016,"12842"
Hyderabad,2016-09-01,September,2016,"9397"
Hyderabad,2016-10-01,October,2016,"12808"
Hyderabad,2016-11-01,November,2016,"8084"
Hyderabad,2016-12-01,December,2016,"17620"
"Jagtial ",2016-01-01,January,2016,0
"Jagtial ",2016-02-01,February,2016,0
"Jagtial ",2016-03-01,March,2016,0
"Jagtial ",2016-04-01,April,2016,0
"Jagtial ",2016-05-01,May,2016,0
"Jagtial ",2016-06-01,June,2016,0
"Jagtial ",2016-07-01,July,2016,0
"Jagtial ",2016-08-01,August,2016,0
"Jagtial ",2016-09-01,September,2016,0
"Jagtial ",2016-10-01,October,2016,0
"Jagtial ",2016-11-01,November,2016,0
"Jagtial ",2016-12-01,December,2016,0
"Jangaon ",2016-01-01,January,2016,0
"Jangaon ",2016-02-01,February,2016,0
"Jangaon ",2016-03-01,March,2016,0
"Jangaon ",2016-04-01,April,2016,0
"Jangaon ",2016-05-01,May,2016,0
"Jangaon ",2016-06-01,June,2016,0
"Jangaon ",2016-07-01,July,2016,0
"Jangaon ",2016-08-01,August,2016,0
"Jangaon ",2016-09-01,September,2016,0
"Jangaon ",2016-10-01,October,2016,0
"Jangaon ",2016-11-01,November,2016,"2"
"Jangaon ",2016-12-01,December,2016,0
"Jayashankar Bhoopalpally",2016-01-01,January,2016,0
"Jayashankar Bhoopalpally",2016-02-01,February,2016,0
"Jayashankar Bhoopalpally",2016-03-01,March,2016,0
"Jayashankar Bhoopalpally",2016-04-01,April,2016,0
"Jayashankar Bhoopalpally",2016-05-01,May,2016,0
"Jayashankar Bhoopalpally",2016-06-01,June,2016,0
"Jayashankar Bhoopalpally",2016-07-01,July,2016,0
"Jayashankar Bhoopalpally",2016-08-01,August,2016,0
"Jayashankar Bhoopalpally",2016-09-01,September,2016,0
"Jayashankar Bhoopalpally",2016-10-01,October,2016,"24"
"Jayashankar Bhoopalpally",2016-11-01,November,2016,"22"
"Jayashankar Bhoopalpally",2016-12-01,December,2016,"40"
"Jogulamba Gadwal ",2016-01-01,January,2016,0
"Jogulamba Gadwal ",2016-02-01,February,2016,0
"Jogulamba Gadwal ",2016-03-01,March,2016,0
"Jogulamba Gadwal ",2016-04-01,April,2016,0
"Jogulamba Gadwal ",2016-05-01,May,2016,0
"Jogulamba Gadwal ",2016-06-01,June,2016,0
"Jogulamba Gadwal ",2016-07-01,July,2016,0
"Jogulamba Gadwal ",2016-08-01,August,2016,0
"Jogulamba Gadwal ",2016-09-01,September,2016,0
"Jogulamba Gadwal ",2016-10-01,October,2016,"13"
"Jogulamba Gadwal ",2016-11-01,November,2016,"21"
"Jogulamba Gadwal ",2016-12-01,December,2016,"11"
"Kamareddy ",2016-01-01,January,2016,0
"Kamareddy ",2016-02-01,February,2016,0
"Kamareddy ",2016-03-01,March,2016,0
"Kamareddy ",2016-04-01,April,2016,0
"Kamareddy ",2016-05-01,May,2016,0
"Kamareddy ",2016-06-01,June,2016,0
"Kamareddy ",2016-07-01,July,2016,0
"Kamareddy ",2016-08-01,August,2016,0
"Kamareddy ",2016-09-01,September,2016,0
"Kamareddy ",2016-10-01,October,2016,0
"Kamareddy ",2016-11-01,November,2016,0
"Kamareddy ",2016-12-01,December,2016,0
"Karimnagar ",2016-01-01,January,2016,0
"Karimnagar ",2016-02-01,February,2016,0
"Karimnagar ",2016-03-01,March,2016,0
"Karimnagar ",2016-04-01,April,2016,0
"Karimnagar ",2016-05-01,May,2016,0
"Karimnagar ",2016-06-01,June,2016,0
"Karimnagar ",2016-07-01,July,2016,0
"Karimnagar ",2016-08-01,August,2016,0
"Karimnagar ",2016-09-01,September,2016,0
"Karimnagar ",2016-10-01,October,2016,0
"Karimnagar ",2016-11-01,November,2016,0
"Karimnagar ",2016-12-01,December,2016,0
Khammam,2016-01-01,January,2016,0
Khammam,2016-02-01,February,2016,0
Khammam,2016-03-01,March,2016,0
Khammam,2016-04-01,April,2016,0
Khammam,2016-05-01,May,2016,0
Khammam,2016-06-01,June,2016,0
Khammam,2016-07-01,July,2016,0
Khammam,2016-08-01,August,2016,0
Khammam,2016-09-01,September,2016,0
Khammam,2016-10-01,October,2016,0
Khammam,2016-11-01,November,2016,0
Khammam,2016-12-01,December,2016,0
"Komaram Bheem Asifabad",2016-01-01,January,2016,0
"Komaram Bheem Asifabad",2016-02-01,February,2016,0
"Komaram Bheem Asifabad",2016-03-01,March,2016,0
"Komaram Bheem Asifabad",2016-04-01,April,2016,0
"Komaram Bheem Asifabad",2016-05-01,May,2016,0
"Komaram Bheem Asifabad",2016-06-01,June,2016,0
"Komaram Bheem Asifabad",2016-07-01,July,2016,0
"Komaram Bheem Asifabad",2016-08-01,August,2016,0
"Komaram Bheem Asifabad",2016-09-01,September,2016,0
"Komaram Bheem Asifabad",2016-10-01,October,2016,0
"Komaram Bheem Asifabad",2016-11-01,November,2016,0
"Komaram Bheem Asifabad",2016-12-01,December,2016,0
"Mahabubabad ",2016-01-01,January,2016,0
"Mahabubabad ",2016-02-01,February,2016,0
"Mahabubabad ",2016-03-01,March,2016,0
"Mahabubabad ",2016-04-01,April,2016,0
"Mahabubabad ",2016-05-01,May,2016,0
"Mahabubabad ",2016-06-01,June,2016,0
"Mahabubabad ",2016-07-01,July,2016,0
"Mahabubabad ",2016-08-01,August,2016,0
"Mahabubabad ",2016-09-01,September,2016,0
"Mahabubabad ",2016-10-01,October,2016,0
"Mahabubabad ",2016-11-01,November,2016,0
"Mahabubabad ",2016-12-01,December,2016,0
Mahbubnagar,2016-01-01,January,2016,"123"
Mahbubnagar,2016-02-01,February,2016,"126"
Mahbubnagar,2016-03-01,March,2016,"103"
Mahbubnagar,2016-04-01,April,2016,"75"
Mahbubnagar,2016-05-01,May,2016,"58"
Mahbubnagar,2016-06-01,June,2016,"68"
Mahbubnagar,2016-07-01,July,2016,"63"
Mahbubnagar,2016-08-01,August,2016,"86"
Mahbubnagar,2016-09-01,September,2016,"74"
Mahbubnagar,2016-10-01,October,2016,"37"
Mahbubnagar,2016-11-01,November,2016,"29"
Mahbubnagar,2016-12-01,December,2016,"26"
Mancherial,2016-01-01,January,2016,0
Mancherial,2016-02-01,February,2016,0
Mancherial,2016-03-01,March,2016,0
Mancherial,2016-04-01,April,2016,0
Mancherial,2016-05-01,May,2016,0
Mancherial,2016-06-01,June,2016,0
Mancherial,2016-07-01,July,2016,0
Mancherial,2016-08-01,August,2016,0
Mancherial,2016-09-01,September,2016,0
Mancherial,2016-10-01,October,2016,0
Mancherial,2016-11-01,November,2016,0
Mancherial,2016-12-01,December,2016,0
"Medak ",2016-01-01,January,2016,0
"Medak ",2016-02-01,February,2016,0
"Medak ",2016-03-01,March,2016,0
"Medak ",2016-04-01,April,2016,0
"Medak ",2016-05-01,May,2016,0
"Medak ",2016-06-01,June,2016,0
"Medak ",2016-07-01,July,2016,0
"Medak ",2016-08-01,August,2016,0
"Medak ",2016-09-01,September,2016,0
"Medak ",2016-10-01,October,2016,0
"Medak ",2016-11-01,November,2016,0
"Medak ",2016-12-01,December,2016,0
"Medchal ",2016-01-01,January,2016,0
"Medchal ",2016-02-01,February,2016,0
"Medchal ",2016-03-01,March,2016,0
"Medchal ",2016-04-01,April,2016,0
"Medchal ",2016-05-01,May,2016,0
"Medchal ",2016-06-01,June,2016,0
"Medchal ",2016-07-01,July,2016,0
"Medchal ",2016-08-01,August,2016,0
"Medchal ",2016-09-01,September,2016,0
"Medchal ",2016-10-01,October,2016,0
"Medchal ",2016-11-01,November,2016,0
"Medchal ",2016-12-01,December,2016,0
"Nagarkurnool ",2016-01-01,January,2016,0
"Nagarkurnool ",2016-02-01,February,2016,0
"Nagarkurnool ",2016-03-01,March,2016,0
"Nagarkurnool ",2016-04-01,April,2016,0
"Nagarkurnool ",2016-05-01,May,2016,0
"Nagarkurnool ",2016-06-01,June,2016,0
"Nagarkurnool ",2016-07-01,July,2016,0
"Nagarkurnool ",2016-08-01,August,2016,0
"Nagarkurnool ",2016-09-01,September,2016,0
"Nagarkurnool ",2016-10-01,October,2016,"8"
"Nagarkurnool ",2016-11-01,November,2016,"11"
"Nagarkurnool ",2016-12-01,December,2016,"10"
Nalgonda,2016-01-01,January,2016,0
Nalgonda,2016-02-01,February,2016,0
Nalgonda,2016-03-01,March,2016,0
Nalgonda,2016-04-01,April,2016,0
Nalgonda,2016-05-01,May,2016,0
Nalgonda,2016-06-01,June,2016,0
Nalgonda,2016-07-01,July,2016,0
Nalgonda,2016-08-01,August,2016,0
Nalgonda,2016-09-01,September,2016,0
Nalgonda,2016-10-01,October,2016,0
Nalgonda,2016-11-01,November,2016,0
Nalgonda,2016-12-01,December,2016,0
Nirmal,2016-01-01,January,2016,0
Nirmal,2016-02-01,February,2016,0
Nirmal,2016-03-01,March,2016,0
Nirmal,2016-04-01,April,2016,0
Nirmal,2016-05-01,May,2016,0
Nirmal,2016-06-01,June,2016,0
Nirmal,2016-07-01,July,2016,0
Nirmal,2016-08-01,August,2016,0
Nirmal,2016-09-01,September,2016,0
Nirmal,2016-10-01,October,2016,0
Nirmal,2016-11-01,November,2016,0
Nirmal,2016-12-01,December,2016,0
Nizamabad,2016-01-01,January,2016,0
Nizamabad,2016-02-01,February,2016,0
Nizamabad,2016-03-01,March,2016,0
Nizamabad,2016-04-01,April,2016,0
Nizamabad,2016-05-01,May,2016,0
Nizamabad,2016-06-01,June,2016,0
Nizamabad,2016-07-01,July,2016,0
Nizamabad,2016-08-01,August,2016,0
Nizamabad,2016-09-01,September,2016,0
Nizamabad,2016-10-01,October,2016,0
Nizamabad,2016-11-01,November,2016,0
Nizamabad,2016-12-01,December,2016,0
Peddapalli,2016-01-01,January,2016,0
Peddapalli,2016-02-01,February,2016,0
Peddapalli,2016-03-01,March,2016,0
Peddapalli,2016-04-01,April,2016,0
Peddapalli,2016-05-01,May,2016,0
Peddapalli,2016-06-01,June,2016,0
Peddapalli,2016-07-01,July,2016,0
Peddapalli,2016-08-01,August,2016,0
Peddapalli,2016-09-01,September,2016,0
Peddapalli,2016-10-01,October,2016,0
Peddapalli,2016-11-01,November,2016,0
Peddapalli,2016-12-01,December,2016,0
"Rajanna Sircilla ",2016-01-01,January,2016,0
"Rajanna Sircilla ",2016-02-01,February,2016,0
"Rajanna Sircilla ",2016-03-01,March,2016,0
"Rajanna Sircilla ",2016-04-01,April,2016,0
"Rajanna Sircilla ",2016-05-01,May,2016,0
"Rajanna Sircilla ",2016-06-01,June,2016,0
"Rajanna Sircilla ",2016-07-01,July,2016,0
"Rajanna Sircilla ",2016-08-01,August,2016,0
"Rajanna Sircilla ",2016-09-01,September,2016,0
"Rajanna Sircilla ",2016-10-01,October,2016,0
"Rajanna Sircilla ",2016-11-01,November,2016,0
"Rajanna Sircilla ",2016-12-01,December,2016,0
"Ranga Reddy",2016-01-01,January,2016,0
"Ranga Reddy",2016-02-01,February,2016,0
"Ranga Reddy",2016-03-01,March,2016,0
"Ranga Reddy",2016-04-01,April,2016,0
"Ranga Reddy",2016-05-01,May,2016,0
"Ranga Reddy",2016-06-01,June,2016,0
"Ranga Reddy",2016-07-01,July,2016,0
"Ranga Reddy",2016-08-01,August,2016,0
"Ranga Reddy",2016-09-01,September,2016,0
"Ranga Reddy",2016-10-01,October,2016,0
"Ranga Reddy",2016-11-01,November,2016,0
"Ranga Reddy",2016-12-01,December,2016,0
"Sangareddy ",2016-01-01,January,2016,0
"Sangareddy ",2016-02-01,February,2016,0
"Sangareddy ",2016-03-01,March,2016,0
"Sangareddy ",2016-04-01,April,2016,0
"Sangareddy ",2016-05-01,May,2016,0
"Sangareddy ",2016-06-01,June,2016,0
"Sangareddy ",2016-07-01,July,2016,0
"Sangareddy ",2016-08-01,August,2016,0
"Sangareddy ",2016-09-01,September,2016,0
"Sangareddy ",2016-10-01,October,2016,0
"Sangareddy ",2016-11-01,November,2016,0
"Sangareddy ",2016-12-01,December,2016,0
Siddipet,2016-01-01,January,2016,0
Siddipet,2016-02-01,February,2016,0
Siddipet,2016-03-01,March,2016,0
Siddipet,2016-04-01,April,2016,0
Siddipet,2016-05-01,May,2016,0
Siddipet,2016-06-01,June,2016,0
Siddipet,2016-07-01,July,2016,0
Siddipet,2016-08-01,August,2016,0
Siddipet,2016-09-01,September,2016,0
Siddipet,2016-10-01,October,2016,0
Siddipet,2016-11-01,November,2016,0
Siddipet,2016-12-01,December,2016,0
Suryapet,2016-01-01,January,2016,0
Suryapet,2016-02-01,February,2016,0
Suryapet,2016-03-01,March,2016,0
Suryapet,2016-04-01,April,2016,0
Suryapet,2016-05-01,May,2016,0
Suryapet,2016-06-01,June,2016,0
Suryapet,2016-07-01,July,2016,0
Suryapet,2016-08-01,August,2016,0
Suryapet,2016-09-01,September,2016,0
Suryapet,2016-10-01,October,2016,0
Suryapet,2016-11-01,November,2016,0
Suryapet,2016-12-01,December,2016,0
Vikarabad,2016-01-01,January,2016,0
Vikarabad,2016-02-01,February,2016,0
Vikarabad,2016-03-01,March,2016,0
Vikarabad,2016-04-01,April,2016,0
Vikarabad,2016-05-01,May,2016,0
Vikarabad,2016-06-01,June,2016,0
Vikarabad,2016-07-01,July,2016,0
Vikarabad,2016-08-01,August,2016,0
Vikarabad,2016-09-01,September,2016,0
Vikarabad,2016-10-01,October,2016,0
Vikarabad,2016-11-01,November,2016,0
Vikarabad,2016-12-01,December,2016,0
"Wanaparthy ",2016-01-01,January,2016,0
"Wanaparthy ",2016-02-01,February,2016,0
"Wanaparthy ",2016-03-01,March,2016,0
"Wanaparthy ",2016-04-01,April,2016,0
"Wanaparthy ",2016-05-01,May,2016,0
"Wanaparthy ",2016-06-01,June,2016,0
"Wanaparthy ",2016-07-01,July,2016,0
"Wanaparthy ",2016-08-01,August,2016,0
"Wanaparthy ",2016-09-01,September,2016,0
"Wanaparthy ",2016-10-01,October,2016,0
"Wanaparthy ",2016-11-01,November,2016,0
"Wanaparthy ",2016-12-01,December,2016,0
"Warangal (Rural)",2016-01-01,January,2016,0
"Warangal (Rural)",2016-02-01,February,2016,0
"Warangal (Rural)",2016-03-01,March,2016,0
"Warangal (Rural)",2016-04-01,April,2016,0
"Warangal (Rural)",2016-05-01,May,2016,0
"Warangal (Rural)",2016-06-01,June,2016,0
"Warangal (Rural)",2016-07-01,July,2016,0
"Warangal (Rural)",2016-08-01,August,2016,0
"Warangal (Rural)",2016-09-01,September,2016,0
"Warangal (Rural)",2016-10-01,October,2016,0
"Warangal (Rural)",2016-11-01,November,2016,0
"Warangal (Rural)",2016-12-01,December,2016,0
"Warangal (Urban)",2016-01-01,January,2016,"459"
"Warangal (Urban)",2016-02-01,February,2016,"391"
"Warangal (Urban)",2016-03-01,March,2016,"230"
"Warangal (Urban)",2016-04-01,April,2016,"39"
"Warangal (Urban)",2016-05-01,May,2016,"82"
"Warangal (Urban)",2016-06-01,June,2016,"88"
"Warangal (Urban)",2016-07-01,July,2016,"53"
"Warangal (Urban)",2016-08-01,August,2016,"102"
"Warangal (Urban)",2016-09-01,September,2016,"118"
"Warangal (Urban)",2016-10-01,October,2016,"108"
"Warangal (Urban)",2016-11-01,November,2016,"97"
"Warangal (Urban)",2016-12-01,December,2016,"132"
"Yadadri Bhongir",2016-01-01,January,2016,0
"Yadadri Bhongir",2016-02-01,February,2016,0
"Yadadri Bhongir",2016-03-01,March,2016,0
"Yadadri Bhongir",2016-04-01,April,2016,0
"Yadadri Bhongir",2016-05-01,May,2016,0
"Yadadri Bhongir",2016-06-01,June,2016,0
"Yadadri Bhongir",2016-07-01,July,2016,0
"Yadadri Bhongir",2016-08-01,August,2016,0
"Yadadri Bhongir",2016-09-01,September,2016,0
"Yadadri Bhongir",2016-10-01,October,2016,0
"Yadadri Bhongir",2016-11-01,November,2016,0
"Yadadri Bhongir",2016-12-01,December,2016,0
Adilabad,2017-01-01,January,2017,"5"
Adilabad,2017-02-01,February,2017,0
Adilabad,2017-03-01,March,2017,0
Adilabad,2017-04-01,April,2017,0
Adilabad,2017-05-01,May,2017,0
Adilabad,2017-06-01,June,2017,"3"
Adilabad,2017-07-01,July,2017,0
Adilabad,2017-08-01,August,2017,0
Adilabad,2017-09-01,September,2017,"3"
Adilabad,2017-10-01,October,2017,0
Adilabad,2017-11-01,November,2017,0
Adilabad,2017-12-01,December,2017,0
"Bhadradri Kothagudem ",2017-01-01,January,2017,0
"Bhadradri Kothagudem ",2017-02-01,February,2017,0
"Bhadradri Kothagudem ",2017-03-01,March,2017,0
"Bhadradri Kothagudem ",2017-04-01,April,2017,0
"Bhadradri Kothagudem ",2017-05-01,May,2017,0
"Bhadradri Kothagudem ",2017-06-01,June,2017,0
"Bhadradri Kothagudem ",2017-07-01,July,2017,0
"Bhadradri Kothagudem ",2017-08-01,August,2017,0
"Bhadradri Kothagudem ",2017-09-01,September,2017,0
"Bhadradri Kothagudem ",2017-10-01,October,2017,0
"Bhadradri Kothagudem ",2017-11-01,November,2017,0
"Bhadradri Kothagudem ",2017-12-01,December,2017,0
Hyderabad,2017-01-01,January,2017,"19286"
Hyderabad,2017-02-01,February,2017,"18097"
Hyderabad,2017-03-01,March,2017,"13875"
Hyderabad,2017-04-01,April,2017,"12996"
Hyderabad,2017-05-01,May,2017,"12983"
Hyderabad,2017-06-01,June,2017,"12486"
Hyderabad,2017-07-01,July,2017,"18144"
Hyderabad,2017-08-01,August,2017,"16985"
Hyderabad,2017-09-01,September,2017,"27856"
Hyderabad,2017-10-01,October,2017,"26368"
Hyderabad,2017-11-01,November,2017,"29170"
Hyderabad,2017-12-01,December,2017,"38933"
"Jagtial ",2017-01-01,January,2017,0
"Jagtial ",2017-02-01,February,2017,0
"Jagtial ",2017-03-01,March,2017,0
"Jagtial ",2017-04-01,April,2017,0
"Jagtial ",2017-05-01,May,2017,0
"Jagtial ",2017-06-01,June,2017,0
"Jagtial ",2017-07-01,July,2017,0
"Jagtial ",2017-08-01,August,2017,0
"Jagtial ",2017-09-01,September,2017,0
"Jagtial ",2017-10-01,October,2017,0
"Jagtial ",2017-11-01,November,2017,0
"Jagtial ",2017-12-01,December,2017,0
"Jangaon ",2017-01-01,January,2017,0
"Jangaon ",2017-02-01,February,2017,0
"Jangaon ",2017-03-01,March,2017,0
"Jangaon ",2017-04-01,April,2017,0
"Jangaon ",2017-05-01,May,2017,0
"Jangaon ",2017-06-01,June,2017,0
"Jangaon ",2017-07-01,July,2017,0
"Jangaon ",2017-08-01,August,2017,0
"Jangaon ",2017-09-01,September,2017,0
"Jangaon ",2017-10-01,October,2017,0
"Jangaon ",2017-11-01,November,2017,0
"Jangaon ",2017-12-01,December,2017,0
"Jayashankar Bhoopalpally",2017-01-01,January,2017,"85"
"Jayashankar Bhoopalpally",2017-02-01,February,2017,"38"
"Jayashankar Bhoopalpally",2017-03-01,March,2017,"35"
"Jayashankar Bhoopalpally",2017-04-01,April,2017,"36"
"Jayashankar Bhoopalpally",2017-05-01,May,2017,"40"
"Jayashankar Bhoopalpally",2017-06-01,June,2017,"35"
"Jayashankar Bhoopalpally",2017-07-01,July,2017,"42"
"Jayashankar Bhoopalpally",2017-08-01,August,2017,"45"
"Jayashankar Bhoopalpally",2017-09-01,September,2017,"56"
"Jayashankar Bhoopalpally",2017-10-01,October,2017,"55"
"Jayashankar Bhoopalpally",2017-11-01,November,2017,"58"
"Jayashankar Bhoopalpally",2017-12-01,December,2017,"57"
"Jogulamba Gadwal ",2017-01-01,January,2017,"20"
"Jogulamba Gadwal ",2017-02-01,February,2017,"16"
"Jogulamba Gadwal ",2017-03-01,March,2017,"32"
"Jogulamba Gadwal ",2017-04-01,April,2017,"29"
"Jogulamba Gadwal ",2017-05-01,May,2017,"31"
"Jogulamba Gadwal ",2017-06-01,June,2017,"32"
"Jogulamba Gadwal ",2017-07-01,July,2017,"34"
"Jogulamba Gadwal ",2017-08-01,August,2017,"25"
"Jogulamba Gadwal ",2017-09-01,September,2017,"42"
"Jogulamba Gadwal ",2017-10-01,October,2017,"13"
"Jogulamba Gadwal ",2017-11-01,November,2017,"21"
"Jogulamba Gadwal ",2017-12-01,December,2017,"10"
"Kamareddy ",2017-01-01,January,2017,0
"Kamareddy ",2017-02-01,February,2017,0
"Kamareddy ",2017-03-01,March,2017,0
"Kamareddy ",2017-04-01,April,2017,0
"Kamareddy ",2017-05-01,May,2017,0
"Kamareddy ",2017-06-01,June,2017,0
"Kamareddy ",2017-07-01,July,2017,0
"Kamareddy ",2017-08-01,August,2017,0
"Kamareddy ",2017-09-01,September,2017,0
"Kamareddy ",2017-10-01,October,2017,0
"Kamareddy ",2017-11-01,November,2017,0
"Kamareddy ",2017-12-01,December,2017,0
"Karimnagar ",2017-01-01,January,2017,0
"Karimnagar ",2017-02-01,February,2017,0
"Karimnagar ",2017-03-01,March,2017,0
"Karimnagar ",2017-04-01,April,2017,0
"Karimnagar ",2017-05-01,May,2017,0
"Karimnagar ",2017-06-01,June,2017,0
"Karimnagar ",2017-07-01,July,2017,0
"Karimnagar ",2017-08-01,August,2017,0
"Karimnagar ",2017-09-01,September,2017,0
"Karimnagar ",2017-10-01,October,2017,0
"Karimnagar ",2017-11-01,November,2017,0
"Karimnagar ",2017-12-01,December,2017,0
Khammam,2017-01-01,January,2017,0
Khammam,2017-02-01,February,2017,0
Khammam,2017-03-01,March,2017,0
Khammam,2017-04-01,April,2017,0
Khammam,2017-05-01,May,2017,0
Khammam,2017-06-01,June,2017,0
Khammam,2017-07-01,July,2017,0
Khammam,2017-08-01,August,2017,0
Khammam,2017-09-01,September,2017,0
Khammam,2017-10-01,October,2017,0
Khammam,2017-11-01,November,2017,0
Khammam,2017-12-01,December,2017,0
"Komaram Bheem Asifabad",2017-01-01,January,2017,0
"Komaram Bheem Asifabad",2017-02-01,February,2017,0
"Komaram Bheem Asifabad",2017-03-01,March,2017,0
"Komaram Bheem Asifabad",2017-04-01,April,2017,0
"Komaram Bheem Asifabad",2017-05-01,May,2017,0
"Komaram Bheem Asifabad",2017-06-01,June,2017,0
"Komaram Bheem Asifabad",2017-07-01,July,2017,0
"Komaram Bheem Asifabad",2017-08-01,August,2017,0
"Komaram Bheem Asifabad",2017-09-01,September,2017,0
"Komaram Bheem Asifabad",2017-10-01,October,2017,0
"Komaram Bheem Asifabad",2017-11-01,November,2017,0
"Komaram Bheem Asifabad",2017-12-01,December,2017,0
"Mahabubabad ",2017-01-01,January,2017,0
"Mahabubabad ",2017-02-01,February,2017,0
"Mahabubabad ",2017-03-01,March,2017,0
"Mahabubabad ",2017-04-01,April,2017,0
"Mahabubabad ",2017-05-01,May,2017,0
"Mahabubabad ",2017-06-01,June,2017,0
"Mahabubabad ",2017-07-01,July,2017,0
"Mahabubabad ",2017-08-01,August,2017,0
"Mahabubabad ",2017-09-01,September,2017,0
"Mahabubabad ",2017-10-01,October,2017,0
"Mahabubabad ",2017-11-01,November,2017,0
"Mahabubabad ",2017-12-01,December,2017,0
Mahbubnagar,2017-01-01,January,2017,"42"
Mahbubnagar,2017-02-01,February,2017,"39"
Mahbubnagar,2017-03-01,March,2017,"38"
Mahbubnagar,2017-04-01,April,2017,"39"
Mahbubnagar,2017-05-01,May,2017,"41"
Mahbubnagar,2017-06-01,June,2017,"43"
Mahbubnagar,2017-07-01,July,2017,"42"
Mahbubnagar,2017-08-01,August,2017,"44"
Mahbubnagar,2017-09-01,September,2017,"54"
Mahbubnagar,2017-10-01,October,2017,"47"
Mahbubnagar,2017-11-01,November,2017,"49"
Mahbubnagar,2017-12-01,December,2017,"42"
Mancherial,2017-01-01,January,2017,0
Mancherial,2017-02-01,February,2017,0
Mancherial,2017-03-01,March,2017,0
Mancherial,2017-04-01,April,2017,0
Mancherial,2017-05-01,May,2017,0
Mancherial,2017-06-01,June,2017,0
Mancherial,2017-07-01,July,2017,0
Mancherial,2017-08-01,August,2017,0
Mancherial,2017-09-01,September,2017,0
Mancherial,2017-10-01,October,2017,0
Mancherial,2017-11-01,November,2017,0
Mancherial,2017-12-01,December,2017,0
"Medak ",2017-01-01,January,2017,0
"Medak ",2017-02-01,February,2017,0
"Medak ",2017-03-01,March,2017,0
"Medak ",2017-04-01,April,2017,0
"Medak ",2017-05-01,May,2017,0
"Medak ",2017-06-01,June,2017,0
"Medak ",2017-07-01,July,2017,0
"Medak ",2017-08-01,August,2017,0
"Medak ",2017-09-01,September,2017,0
"Medak ",2017-10-01,October,2017,0
"Medak ",2017-11-01,November,2017,0
"Medak ",2017-12-01,December,2017,0
"Medchal ",2017-01-01,January,2017,0
"Medchal ",2017-02-01,February,2017,0
"Medchal ",2017-03-01,March,2017,0
"Medchal ",2017-04-01,April,2017,0
"Medchal ",2017-05-01,May,2017,0
"Medchal ",2017-06-01,June,2017,0
"Medchal ",2017-07-01,July,2017,0
"Medchal ",2017-08-01,August,2017,0
"Medchal ",2017-09-01,September,2017,0
"Medchal ",2017-10-01,October,2017,0
"Medchal ",2017-11-01,November,2017,0
"Medchal ",2017-12-01,December,2017,0
"Nagarkurnool ",2017-01-01,January,2017,"19"
"Nagarkurnool ",2017-02-01,February,2017,"25"
"Nagarkurnool ",2017-03-01,March,2017,"24"
"Nagarkurnool ",2017-04-01,April,2017,"29"
"Nagarkurnool ",2017-05-01,May,2017,"31"
"Nagarkurnool ",2017-06-01,June,2017,"35"
"Nagarkurnool ",2017-07-01,July,2017,"25"
"Nagarkurnool ",2017-08-01,August,2017,"23"
"Nagarkurnool ",2017-09-01,September,2017,"32"
"Nagarkurnool ",2017-10-01,October,2017,"18"
"Nagarkurnool ",2017-11-01,November,2017,"21"
"Nagarkurnool ",2017-12-01,December,2017,"29"
Nalgonda,2017-01-01,January,2017,0
Nalgonda,2017-02-01,February,2017,0
Nalgonda,2017-03-01,March,2017,0
Nalgonda,2017-04-01,April,2017,0
Nalgonda,2017-05-01,May,2017,0
Nalgonda,2017-06-01,June,2017,0
Nalgonda,2017-07-01,July,2017,0
Nalgonda,2017-08-01,August,2017,0
Nalgonda,2017-09-01,September,2017,0
Nalgonda,2017-10-01,October,2017,0
Nalgonda,2017-11-01,November,2017,0
Nalgonda,2017-12-01,December,2017,0
Nirmal,2017-01-01,January,2017,0
Nirmal,2017-02-01,February,2017,0
Nirmal,2017-03-01,March,2017,0
Nirmal,2017-04-01,April,2017,0
Nirmal,2017-05-01,May,2017,0
Nirmal,2017-06-01,June,2017,0
Nirmal,2017-07-01,July,2017,0
Nirmal,2017-08-01,August,2017,0
Nirmal,2017-09-01,September,2017,0
Nirmal,2017-10-01,October,2017,0
Nirmal,2017-11-01,November,2017,0
Nirmal,2017-12-01,December,2017,0
Nizamabad,2017-01-01,January,2017,0
Nizamabad,2017-02-01,February,2017,0
Nizamabad,2017-03-01,March,2017,0
Nizamabad,2017-04-01,April,2017,"2"
Nizamabad,2017-05-01,May,2017,0
Nizamabad,2017-06-01,June,2017,0
Nizamabad,2017-07-01,July,2017,0
Nizamabad,2017-08-01,August,2017,0
Nizamabad,2017-09-01,September,2017,0
Nizamabad,2017-10-01,October,2017,0
Nizamabad,2017-11-01,November,2017,0
Nizamabad,2017-12-01,December,2017,0
Peddapalli,2017-01-01,January,2017,0
Peddapalli,2017-02-01,February,2017,0
Peddapalli,2017-03-01,March,2017,0
Peddapalli,2017-04-01,April,2017,0
Peddapalli,2017-05-01,May,2017,0
Peddapalli,2017-06-01,June,2017,0
Peddapalli,2017-07-01,July,2017,0
Peddapalli,2017-08-01,August,2017,0
Peddapalli,2017-09-01,September,2017,0
Peddapalli,2017-10-01,October,2017,0
Peddapalli,2017-11-01,November,2017,0
Peddapalli,2017-12-01,December,2017,0
"Rajanna Sircilla ",2017-01-01,January,2017,0
"Rajanna Sircilla ",2017-02-01,February,2017,0
"Rajanna Sircilla ",2017-03-01,March,2017,0
"Rajanna Sircilla ",2017-04-01,April,2017,0
"Rajanna Sircilla ",2017-05-01,May,2017,0
"Rajanna Sircilla ",2017-06-01,June,2017,0
"Rajanna Sircilla ",2017-07-01,July,2017,0
"Rajanna Sircilla ",2017-08-01,August,2017,0
"Rajanna Sircilla ",2017-09-01,September,2017,0
"Rajanna Sircilla ",2017-10-01,October,2017,0
"Rajanna Sircilla ",2017-11-01,November,2017,0
"Rajanna Sircilla ",2017-12-01,December,2017,0
"Ranga Reddy",2017-01-01,January,2017,0
"Ranga Reddy",2017-02-01,February,2017,0
"Ranga Reddy",2017-03-01,March,2017,0
"Ranga Reddy",2017-04-01,April,2017,0
"Ranga Reddy",2017-05-01,May,2017,0
"Ranga Reddy",2017-06-01,June,2017,0
"Ranga Reddy",2017-07-01,July,2017,0
"Ranga Reddy",2017-08-01,August,2017,0
"Ranga Reddy",2017-09-01,September,2017,0
"Ranga Reddy",2017-10-01,October,2017,0
"Ranga Reddy",2017-11-01,November,2017,0
"Ranga Reddy",2017-12-01,December,2017,0
"Sangareddy ",2017-01-01,January,2017,0
"Sangareddy ",2017-02-01,February,2017,0
"Sangareddy ",2017-03-01,March,2017,0
"Sangareddy ",2017-04-01,April,2017,0
"Sangareddy ",2017-05-01,May,2017,0
"Sangareddy ",2017-06-01,June,2017,0
"Sangareddy ",2017-07-01,July,2017,0
"Sangareddy ",2017-08-01,August,2017,0
"Sangareddy ",2017-09-01,September,2017,0
"Sangareddy ",2017-10-01,October,2017,0
"Sangareddy ",2017-11-01,November,2017,0
"Sangareddy ",2017-12-01,December,2017,0
Siddipet,2017-01-01,January,2017,0
Siddipet,2017-02-01,February,2017,0
Siddipet,2017-03-01,March,2017,0
Siddipet,2017-04-01,April,2017,0
Siddipet,2017-05-01,May,2017,0
Siddipet,2017-06-01,June,2017,0
Siddipet,2017-07-01,July,2017,0
Siddipet,2017-08-01,August,2017,0
Siddipet,2017-09-01,September,2017,0
Siddipet,2017-10-01,October,2017,0
Siddipet,2017-11-01,November,2017,0
Siddipet,2017-12-01,December,2017,0
Suryapet,2017-01-01,January,2017,0
Suryapet,2017-02-01,February,2017,0
Suryapet,2017-03-01,March,2017,0
Suryapet,2017-04-01,April,2017,0
Suryapet,2017-05-01,May,2017,0
Suryapet,2017-06-01,June,2017,0
Suryapet,2017-07-01,July,2017,0
Suryapet,2017-08-01,August,2017,0
Suryapet,2017-09-01,September,2017,0
Suryapet,2017-10-01,October,2017,0
Suryapet,2017-11-01,November,2017,0
Suryapet,2017-12-01,December,2017,0
Vikarabad,2017-01-01,January,2017,0
Vikarabad,2017-02-01,February,2017,0
Vikarabad,2017-03-01,March,2017,0
Vikarabad,2017-04-01,April,2017,0
Vikarabad,2017-05-01,May,2017,0
Vikarabad,2017-06-01,June,2017,0
Vikarabad,2017-07-01,July,2017,0
Vikarabad,2017-08-01,August,2017,0
Vikarabad,2017-09-01,September,2017,0
Vikarabad,2017-10-01,October,2017,0
Vikarabad,2017-11-01,November,2017,0
Vikarabad,2017-12-01,December,2017,0
"Wanaparthy ",2017-01-01,January,2017,0
"Wanaparthy ",2017-02-01,February,2017,0
"Wanaparthy ",2017-03-01,March,2017,0
"Wanaparthy ",2017-04-01,April,2017,0
"Wanaparthy ",2017-05-01,May,2017,0
"Wanaparthy ",2017-06-01,June,2017,0
"Wanaparthy ",2017-07-01,July,2017,0
"Wanaparthy ",2017-08-01,August,2017,0
"Wanaparthy ",2017-09-01,September,2017,0
"Wanaparthy ",2017-10-01,October,2017,0
"Wanaparthy ",2017-11-01,November,2017,0
"Wanaparthy ",2017-12-01,December,2017,0
"Warangal (Rural)",2017-01-01,January,2017,"35"
"Warangal (Rural)",2017-02-01,February,2017,"25"
"Warangal (Rural)",2017-03-01,March,2017,"17"
"Warangal (Rural)",2017-04-01,April,2017,"19"
"Warangal (Rural)",2017-05-01,May,2017,"21"
"Warangal (Rural)",2017-06-01,June,2017,"24"
"Warangal (Rural)",2017-07-01,July,2017,"25"
"Warangal (Rural)",2017-08-01,August,2017,"28"
"Warangal (Rural)",2017-09-01,September,2017,"26"
"Warangal (Rural)",2017-10-01,October,2017,"25"
"Warangal (Rural)",2017-11-01,November,2017,"29"
"Warangal (Rural)",2017-12-01,December,2017,"32"
"Warangal (Urban)",2017-01-01,January,2017,"235"
"Warangal (Urban)",2017-02-01,February,2017,"242"
"Warangal (Urban)",2017-03-01,March,2017,"238"
"Warangal (Urban)",2017-04-01,April,2017,"209"
"Warangal (Urban)",2017-05-01,May,2017,"211"
"Warangal (Urban)",2017-06-01,June,2017,"194"
"Warangal (Urban)",2017-07-01,July,2017,"116"
"Warangal (Urban)",2017-08-01,August,2017,"219"
"Warangal (Urban)",2017-09-01,September,2017,"225"
"Warangal (Urban)",2017-10-01,October,2017,"236"
"Warangal (Urban)",2017-11-01,November,2017,"255"
"Warangal (Urban)",2017-12-01,December,2017,"250"
"Yadadri Bhongir",2017-01-01,January,2017,0
"Yadadri Bhongir",2017-02-01,February,2017,0
"Yadadri Bhongir",2017-03-01,March,2017,0
"Yadadri Bhongir",2017-04-01,April,2017,0
"Yadadri Bhongir",2017-05-01,May,2017,0
"Yadadri Bhongir",2017-06-01,June,2017,0
"Yadadri Bhongir",2017-07-01,July,2017,0
"Yadadri Bhongir",2017-08-01,August,2017,0
"Yadadri Bhongir",2017-09-01,September,2017,0
"Yadadri Bhongir",2017-10-01,October,2017,0
"Yadadri Bhongir",2017-11-01,November,2017,0
"Yadadri Bhongir",2017-12-01,December,2017,0
Adilabad,2018-01-01,January,2018,0
Adilabad,2018-02-01,February,2018,0
Adilabad,2018-03-01,March,2018,0
Adilabad,2018-04-01,April,2018,0
Adilabad,2018-05-01,May,2018,0
Adilabad,2018-06-01,June,2018,0
Adilabad,2018-07-01,July,2018,"2"
Adilabad,2018-08-01,August,2018,"3"
Adilabad,2018-09-01,September,2018,0
Adilabad,2018-10-01,October,2018,0
Adilabad,2018-11-01,November,2018,0
Adilabad,2018-12-01,December,2018,0
"Bhadradri Kothagudem ",2018-01-01,January,2018,0
"Bhadradri Kothagudem ",2018-02-01,February,2018,0
"Bhadradri Kothagudem ",2018-03-01,March,2018,0
"Bhadradri Kothagudem ",2018-04-01,April,2018,0
"Bhadradri Kothagudem ",2018-05-01,May,2018,0
"Bhadradri Kothagudem ",2018-06-01,June,2018,0
"Bhadradri Kothagudem ",2018-07-01,July,2018,0
"Bhadradri Kothagudem ",2018-08-01,August,2018,0
"Bhadradri Kothagudem ",2018-09-01,September,2018,0
"Bhadradri Kothagudem ",2018-10-01,October,2018,0
"Bhadradri Kothagudem ",2018-11-01,November,2018,0
"Bhadradri Kothagudem ",2018-12-01,December,2018,0
Hyderabad,2018-01-01,January,2018,"35379"
Hyderabad,2018-02-01,February,2018,"30414"
Hyderabad,2018-03-01,March,2018,"27535"
Hyderabad,2018-04-01,April,2018,"20830"
Hyderabad,2018-05-01,May,2018,"21554"
Hyderabad,2018-06-01,June,2018,"24677"
Hyderabad,2018-07-01,July,2018,"17456"
Hyderabad,2018-08-01,August,2018,"31217"
Hyderabad,2018-09-01,September,2018,"22809"
Hyderabad,2018-10-01,October,2018,"30072"
Hyderabad,2018-11-01,November,2018,"23487"
Hyderabad,2018-12-01,December,2018,"29358"
"Jagtial ",2018-01-01,January,2018,0
"Jagtial ",2018-02-01,February,2018,0
"Jagtial ",2018-03-01,March,2018,0
"Jagtial ",2018-04-01,April,2018,0
"Jagtial ",2018-05-01,May,2018,0
"Jagtial ",2018-06-01,June,2018,0
"Jagtial ",2018-07-01,July,2018,0
"Jagtial ",2018-08-01,August,2018,0
"Jagtial ",2018-09-01,September,2018,0
"Jagtial ",2018-10-01,October,2018,0
"Jagtial ",2018-11-01,November,2018,0
"Jagtial ",2018-12-01,December,2018,0
"Jangaon ",2018-01-01,January,2018,0
"Jangaon ",2018-02-01,February,2018,0
"Jangaon ",2018-03-01,March,2018,0
"Jangaon ",2018-04-01,April,2018,0
"Jangaon ",2018-05-01,May,2018,0
"Jangaon ",2018-06-01,June,2018,0
"Jangaon ",2018-07-01,July,2018,0
"Jangaon ",2018-08-01,August,2018,0
"Jangaon ",2018-09-01,September,2018,0
"Jangaon ",2018-10-01,October,2018,0
"Jangaon ",2018-11-01,November,2018,0
"Jangaon ",2018-12-01,December,2018,0
"Jayashankar Bhoopalpally",2018-01-01,January,2018,"50"
"Jayashankar Bhoopalpally",2018-02-01,February,2018,"60"
"Jayashankar Bhoopalpally",2018-03-01,March,2018,"70"
"Jayashankar Bhoopalpally",2018-04-01,April,2018,"45"
"Jayashankar Bhoopalpally",2018-05-01,May,2018,"40"
"Jayashankar Bhoopalpally",2018-06-01,June,2018,"35"
"Jayashankar Bhoopalpally",2018-07-01,July,2018,"40"
"Jayashankar Bhoopalpally",2018-08-01,August,2018,"35"
"Jayashankar Bhoopalpally",2018-09-01,September,2018,"40"
"Jayashankar Bhoopalpally",2018-10-01,October,2018,"40"
"Jayashankar Bhoopalpally",2018-11-01,November,2018,"40"
"Jayashankar Bhoopalpally",2018-12-01,December,2018,"44"
"Jogulamba Gadwal ",2018-01-01,January,2018,"36"
"Jogulamba Gadwal ",2018-02-01,February,2018,"6"
"Jogulamba Gadwal ",2018-03-01,March,2018,"22"
"Jogulamba Gadwal ",2018-04-01,April,2018,"15"
"Jogulamba Gadwal ",2018-05-01,May,2018,"19"
"Jogulamba Gadwal ",2018-06-01,June,2018,"19"
"Jogulamba Gadwal ",2018-07-01,July,2018,"37"
"Jogulamba Gadwal ",2018-08-01,August,2018,"42"
"Jogulamba Gadwal ",2018-09-01,September,2018,"35"
"Jogulamba Gadwal ",2018-10-01,October,2018,"13"
"Jogulamba Gadwal ",2018-11-01,November,2018,"45"
"Jogulamba Gadwal ",2018-12-01,December,2018,"11"
"Kamareddy ",2018-01-01,January,2018,0
"Kamareddy ",2018-02-01,February,2018,0
"Kamareddy ",2018-03-01,March,2018,0
"Kamareddy ",2018-04-01,April,2018,0
"Kamareddy ",2018-05-01,May,2018,0
"Kamareddy ",2018-06-01,June,2018,0
"Kamareddy ",2018-07-01,July,2018,0
"Kamareddy ",2018-08-01,August,2018,0
"Kamareddy ",2018-09-01,September,2018,0
"Kamareddy ",2018-10-01,October,2018,0
"Kamareddy ",2018-11-01,November,2018,0
"Kamareddy ",2018-12-01,December,2018,0
"Karimnagar ",2018-01-01,January,2018,0
"Karimnagar ",2018-02-01,February,2018,0
"Karimnagar ",2018-03-01,March,2018,0
"Karimnagar ",2018-04-01,April,2018,0
"Karimnagar ",2018-05-01,May,2018,0
"Karimnagar ",2018-06-01,June,2018,0
"Karimnagar ",2018-07-01,July,2018,0
"Karimnagar ",2018-08-01,August,2018,0
"Karimnagar ",2018-09-01,September,2018,0
"Karimnagar ",2018-10-01,October,2018,0
"Karimnagar ",2018-11-01,November,2018,0
"Karimnagar ",2018-12-01,December,2018,0
Khammam,2018-01-01,January,2018,0
Khammam,2018-02-01,February,2018,0
Khammam,2018-03-01,March,2018,0
Khammam,2018-04-01,April,2018,0
Khammam,2018-05-01,May,2018,0
Khammam,2018-06-01,June,2018,0
Khammam,2018-07-01,July,2018,0
Khammam,2018-08-01,August,2018,0
Khammam,2018-09-01,September,2018,0
Khammam,2018-10-01,October,2018,0
Khammam,2018-11-01,November,2018,0
Khammam,2018-12-01,December,2018,0
"Komaram Bheem Asifabad",2018-01-01,January,2018,0
"Komaram Bheem Asifabad",2018-02-01,February,2018,0
"Komaram Bheem Asifabad",2018-03-01,March,2018,0
"Komaram Bheem Asifabad",2018-04-01,April,2018,0
"Komaram Bheem Asifabad",2018-05-01,May,2018,0
"Komaram Bheem Asifabad",2018-06-01,June,2018,0
"Komaram Bheem Asifabad",2018-07-01,July,2018,0
"Komaram Bheem Asifabad",2018-08-01,August,2018,0
"Komaram Bheem Asifabad",2018-09-01,September,2018,0
"Komaram Bheem Asifabad",2018-10-01,October,2018,0
"Komaram Bheem Asifabad",2018-11-01,November,2018,0
"Komaram Bheem Asifabad",2018-12-01,December,2018,0
"Mahabubabad ",2018-01-01,January,2018,0
"Mahabubabad ",2018-02-01,February,2018,0
"Mahabubabad ",2018-03-01,March,2018,0
"Mahabubabad ",2018-04-01,April,2018,0
"Mahabubabad ",2018-05-01,May,2018,0
"Mahabubabad ",2018-06-01,June,2018,0
"Mahabubabad ",2018-07-01,July,2018,0
"Mahabubabad ",2018-08-01,August,2018,0
"Mahabubabad ",2018-09-01,September,2018,0
"Mahabubabad ",2018-10-01,October,2018,0
"Mahabubabad ",2018-11-01,November,2018,0
"Mahabubabad ",2018-12-01,December,2018,0
Mahbubnagar,2018-01-01,January,2018,"45"
Mahbubnagar,2018-02-01,February,2018,"29"
Mahbubnagar,2018-03-01,March,2018,"28"
Mahbubnagar,2018-04-01,April,2018,"26"
Mahbubnagar,2018-05-01,May,2018,"26"
Mahbubnagar,2018-06-01,June,2018,"26"
Mahbubnagar,2018-07-01,July,2018,"47"
Mahbubnagar,2018-08-01,August,2018,"44"
Mahbubnagar,2018-09-01,September,2018,"52"
Mahbubnagar,2018-10-01,October,2018,"37"
Mahbubnagar,2018-11-01,November,2018,"68"
Mahbubnagar,2018-12-01,December,2018,"26"
Mancherial,2018-01-01,January,2018,0
Mancherial,2018-02-01,February,2018,0
Mancherial,2018-03-01,March,2018,0
Mancherial,2018-04-01,April,2018,0
Mancherial,2018-05-01,May,2018,0
Mancherial,2018-06-01,June,2018,0
Mancherial,2018-07-01,July,2018,0
Mancherial,2018-08-01,August,2018,0
Mancherial,2018-09-01,September,2018,0
Mancherial,2018-10-01,October,2018,0
Mancherial,2018-11-01,November,2018,0
Mancherial,2018-12-01,December,2018,0
"Medak ",2018-01-01,January,2018,0
"Medak ",2018-02-01,February,2018,0
"Medak ",2018-03-01,March,2018,0
"Medak ",2018-04-01,April,2018,0
"Medak ",2018-05-01,May,2018,0
"Medak ",2018-06-01,June,2018,0
"Medak ",2018-07-01,July,2018,0
"Medak ",2018-08-01,August,2018,0
"Medak ",2018-09-01,September,2018,0
"Medak ",2018-10-01,October,2018,0
"Medak ",2018-11-01,November,2018,0
"Medak ",2018-12-01,December,2018,0
"Medchal ",2018-01-01,January,2018,0
"Medchal ",2018-02-01,February,2018,0
"Medchal ",2018-03-01,March,2018,0
"Medchal ",2018-04-01,April,2018,0
"Medchal ",2018-05-01,May,2018,0
"Medchal ",2018-06-01,June,2018,0
"Medchal ",2018-07-01,July,2018,0
"Medchal ",2018-08-01,August,2018,0
"Medchal ",2018-09-01,September,2018,0
"Medchal ",2018-10-01,October,2018,0
"Medchal ",2018-11-01,November,2018,0
"Medchal ",2018-12-01,December,2018,0
"Nagarkurnool ",2018-01-01,January,2018,"35"
"Nagarkurnool ",2018-02-01,February,2018,"15"
"Nagarkurnool ",2018-03-01,March,2018,"14"
"Nagarkurnool ",2018-04-01,April,2018,"15"
"Nagarkurnool ",2018-05-01,May,2018,"19"
"Nagarkurnool ",2018-06-01,June,2018,"15"
"Nagarkurnool ",2018-07-01,July,2018,"17"
"Nagarkurnool ",2018-08-01,August,2018,"22"
"Nagarkurnool ",2018-09-01,September,2018,"22"
"Nagarkurnool ",2018-10-01,October,2018,"8"
"Nagarkurnool ",2018-11-01,November,2018,"30"
"Nagarkurnool ",2018-12-01,December,2018,"10"
Nalgonda,2018-01-01,January,2018,0
Nalgonda,2018-02-01,February,2018,0
Nalgonda,2018-03-01,March,2018,0
Nalgonda,2018-04-01,April,2018,0
Nalgonda,2018-05-01,May,2018,0
Nalgonda,2018-06-01,June,2018,0
Nalgonda,2018-07-01,July,2018,0
Nalgonda,2018-08-01,August,2018,0
Nalgonda,2018-09-01,September,2018,0
Nalgonda,2018-10-01,October,2018,0
Nalgonda,2018-11-01,November,2018,0
Nalgonda,2018-12-01,December,2018,0
Nirmal,2018-01-01,January,2018,0
Nirmal,2018-02-01,February,2018,0
Nirmal,2018-03-01,March,2018,0
Nirmal,2018-04-01,April,2018,0
Nirmal,2018-05-01,May,2018,0
Nirmal,2018-06-01,June,2018,0
Nirmal,2018-07-01,July,2018,0
Nirmal,2018-08-01,August,2018,"2"
Nirmal,2018-09-01,September,2018,0
Nirmal,2018-10-01,October,2018,0
Nirmal,2018-11-01,November,2018,0
Nirmal,2018-12-01,December,2018,0
Nizamabad,2018-01-01,January,2018,"1"
Nizamabad,2018-02-01,February,2018,0
Nizamabad,2018-03-01,March,2018,0
Nizamabad,2018-04-01,April,2018,0
Nizamabad,2018-05-01,May,2018,0
Nizamabad,2018-06-01,June,2018,0
Nizamabad,2018-07-01,July,2018,"1"
Nizamabad,2018-08-01,August,2018,0
Nizamabad,2018-09-01,September,2018,0
Nizamabad,2018-10-01,October,2018,0
Nizamabad,2018-11-01,November,2018,0
Nizamabad,2018-12-01,December,2018,0
Peddapalli,2018-01-01,January,2018,0
Peddapalli,2018-02-01,February,2018,0
Peddapalli,2018-03-01,March,2018,0
Peddapalli,2018-04-01,April,2018,0
Peddapalli,2018-05-01,May,2018,0
Peddapalli,2018-06-01,June,2018,0
Peddapalli,2018-07-01,July,2018,0
Peddapalli,2018-08-01,August,2018,0
Peddapalli,2018-09-01,September,2018,0
Peddapalli,2018-10-01,October,2018,0
Peddapalli,2018-11-01,November,2018,0
Peddapalli,2018-12-01,December,2018,0
"Rajanna Sircilla ",2018-01-01,January,2018,0
"Rajanna Sircilla ",2018-02-01,February,2018,0
"Rajanna Sircilla ",2018-03-01,March,2018,0
"Rajanna Sircilla ",2018-04-01,April,2018,0
"Rajanna Sircilla ",2018-05-01,May,2018,0
"Rajanna Sircilla ",2018-06-01,June,2018,0
"Rajanna Sircilla ",2018-07-01,July,2018,0
"Rajanna Sircilla ",2018-08-01,August,2018,0
"Rajanna Sircilla ",2018-09-01,September,2018,0
"Rajanna Sircilla ",2018-10-01,October,2018,0
"Rajanna Sircilla ",2018-11-01,November,2018,0
"Rajanna Sircilla ",2018-12-01,December,2018,0
"Ranga Reddy",2018-01-01,January,2018,0
"Ranga Reddy",2018-02-01,February,2018,0
"Ranga Reddy",2018-03-01,March,2018,0
"Ranga Reddy",2018-04-01,April,2018,0
"Ranga Reddy",2018-05-01,May,2018,0
"Ranga Reddy",2018-06-01,June,2018,0
"Ranga Reddy",2018-07-01,July,2018,0
"Ranga Reddy",2018-08-01,August,2018,0
"Ranga Reddy",2018-09-01,September,2018,0
"Ranga Reddy",2018-10-01,October,2018,0
"Ranga Reddy",2018-11-01,November,2018,0
"Ranga Reddy",2018-12-01,December,2018,0
"Sangareddy ",2018-01-01,January,2018,0
"Sangareddy ",2018-02-01,February,2018,0
"Sangareddy ",2018-03-01,March,2018,0
"Sangareddy ",2018-04-01,April,2018,0
"Sangareddy ",2018-05-01,May,2018,0
"Sangareddy ",2018-06-01,June,2018,0
"Sangareddy ",2018-07-01,July,2018,0
"Sangareddy ",2018-08-01,August,2018,0
"Sangareddy ",2018-09-01,September,2018,0
"Sangareddy ",2018-10-01,October,2018,0
"Sangareddy ",2018-11-01,November,2018,0
"Sangareddy ",2018-12-01,December,2018,0
Siddipet,2018-01-01,January,2018,0
Siddipet,2018-02-01,February,2018,0
Siddipet,2018-03-01,March,2018,0
Siddipet,2018-04-01,April,2018,0
Siddipet,2018-05-01,May,2018,0
Siddipet,2018-06-01,June,2018,0
Siddipet,2018-07-01,July,2018,0
Siddipet,2018-08-01,August,2018,0
Siddipet,2018-09-01,September,2018,0
Siddipet,2018-10-01,October,2018,0
Siddipet,2018-11-01,November,2018,0
Siddipet,2018-12-01,December,2018,0
Suryapet,2018-01-01,January,2018,0
Suryapet,2018-02-01,February,2018,0
Suryapet,2018-03-01,March,2018,0
Suryapet,2018-04-01,April,2018,0
Suryapet,2018-05-01,May,2018,0
Suryapet,2018-06-01,June,2018,0
Suryapet,2018-07-01,July,2018,0
Suryapet,2018-08-01,August,2018,0
Suryapet,2018-09-01,September,2018,0
Suryapet,2018-10-01,October,2018,0
Suryapet,2018-11-01,November,2018,0
Suryapet,2018-12-01,December,2018,0
Vikarabad,2018-01-01,January,2018,0
Vikarabad,2018-02-01,February,2018,0
Vikarabad,2018-03-01,March,2018,0
Vikarabad,2018-04-01,April,2018,0
Vikarabad,2018-05-01,May,2018,0
Vikarabad,2018-06-01,June,2018,0
Vikarabad,2018-07-01,July,2018,0
Vikarabad,2018-08-01,August,2018,0
Vikarabad,2018-09-01,September,2018,0
Vikarabad,2018-10-01,October,2018,0
Vikarabad,2018-11-01,November,2018,0
Vikarabad,2018-12-01,December,2018,0
"Wanaparthy ",2018-01-01,January,2018,0
"Wanaparthy ",2018-02-01,February,2018,0
"Wanaparthy ",2018-03-01,March,2018,0
"Wanaparthy ",2018-04-01,April,2018,0
"Wanaparthy ",2018-05-01,May,2018,0
"Wanaparthy ",2018-06-01,June,2018,0
"Wanaparthy ",2018-07-01,July,2018,0
"Wanaparthy ",2018-08-01,August,2018,0
"Wanaparthy ",2018-09-01,September,2018,0
"Wanaparthy ",2018-10-01,October,2018,0
"Wanaparthy ",2018-11-01,November,2018,0
"Wanaparthy ",2018-12-01,December,2018,0
"Warangal (Rural)",2018-01-01,January,2018,0
"Warangal (Rural)",2018-02-01,February,2018,0
"Warangal (Rural)",2018-03-01,March,2018,0
"Warangal (Rural)",2018-04-01,April,2018,0
"Warangal (Rural)",2018-05-01,May,2018,0
"Warangal (Rural)",2018-06-01,June,2018,0
"Warangal (Rural)",2018-07-01,July,2018,0
"Warangal (Rural)",2018-08-01,August,2018,0
"Warangal (Rural)",2018-09-01,September,2018,0
"Warangal (Rural)",2018-10-01,October,2018,0
"Warangal (Rural)",2018-11-01,November,2018,0
"Warangal (Rural)",2018-12-01,December,2018,0
"Warangal (Urban)",2018-01-01,January,2018,"150"
"Warangal (Urban)",2018-02-01,February,2018,"185"
"Warangal (Urban)",2018-03-01,March,2018,"160"
"Warangal (Urban)",2018-04-01,April,2018,"150"
"Warangal (Urban)",2018-05-01,May,2018,"140"
"Warangal (Urban)",2018-06-01,June,2018,"130"
"Warangal (Urban)",2018-07-01,July,2018,"130"
"Warangal (Urban)",2018-08-01,August,2018,"135"
"Warangal (Urban)",2018-09-01,September,2018,"145"
"Warangal (Urban)",2018-10-01,October,2018,"160"
"Warangal (Urban)",2018-11-01,November,2018,"170"
"Warangal (Urban)",2018-12-01,December,2018,"187"
"Yadadri Bhongir",2018-01-01,January,2018,0
"Yadadri Bhongir",2018-02-01,February,2018,0
"Yadadri Bhongir",2018-03-01,March,2018,0
"Yadadri Bhongir",2018-04-01,April,2018,0
"Yadadri Bhongir",2018-05-01,May,2018,0
"Yadadri Bhongir",2018-06-01,June,2018,0
"Yadadri Bhongir",2018-07-01,July,2018,0
"Yadadri Bhongir",2018-08-01,August,2018,0
"Yadadri Bhongir",2018-09-01,September,2018,0
"Yadadri Bhongir",2018-10-01,October,2018,0
"Yadadri Bhongir",2018-11-01,November,2018,0
"Yadadri Bhongir",2018-12-01,December,2018,0
Adilabad,2019-01-01,January,2019,0
Adilabad,2019-02-01,February,2019,"2"
Adilabad,2019-03-01,March,2019,0
Adilabad,2019-04-01,April,2019,0
Adilabad,2019-05-01,May,2019,0
Adilabad,2019-06-01,June,2019,0
Adilabad,2019-07-01,July,2019,0
Adilabad,2019-08-01,August,2019,"2"
Adilabad,2019-09-01,September,2019,0
Adilabad,2019-10-01,October,2019,0
Adilabad,2019-11-01,November,2019,"2"
Adilabad,2019-12-01,December,2019,0
"Bhadradri Kothagudem ",2019-01-01,January,2019,0
"Bhadradri Kothagudem ",2019-02-01,February,2019,0
"Bhadradri Kothagudem ",2019-03-01,March,2019,0
"Bhadradri Kothagudem ",2019-04-01,April,2019,0
"Bhadradri Kothagudem ",2019-05-01,May,2019,0
"Bhadradri Kothagudem ",2019-06-01,June,2019,0
"Bhadradri Kothagudem ",2019-07-01,July,2019,0
"Bhadradri Kothagudem ",2019-08-01,August,2019,0
"Bhadradri Kothagudem ",2019-09-01,September,2019,0
"Bhadradri Kothagudem ",2019-10-01,October,2019,0
"Bhadradri Kothagudem ",2019-11-01,November,2019,0
"Bhadradri Kothagudem ",2019-12-01,December,2019,0
Hyderabad,2019-01-01,January,2019,"35920"
Hyderabad,2019-02-01,February,2019,"25621"
Hyderabad,2019-03-01,March,2019,"21929"
Hyderabad,2019-04-01,April,2019,"18267"
Hyderabad,2019-05-01,May,2019,"17317"
Hyderabad,2019-06-01,June,2019,"20077"
Hyderabad,2019-07-01,July,2019,"27874"
Hyderabad,2019-08-01,August,2019,"22725"
Hyderabad,2019-09-01,September,2019,"34018"
Hyderabad,2019-10-01,October,2019,"28706"
Hyderabad,2019-11-01,November,2019,"32762"
Hyderabad,2019-12-01,December,2019,"34084"
"Jagtial ",2019-01-01,January,2019,0
"Jagtial ",2019-02-01,February,2019,0
"Jagtial ",2019-03-01,March,2019,0
"Jagtial ",2019-04-01,April,2019,0
"Jagtial ",2019-05-01,May,2019,0
"Jagtial ",2019-06-01,June,2019,0
"Jagtial ",2019-07-01,July,2019,0
"Jagtial ",2019-08-01,August,2019,0
"Jagtial ",2019-09-01,September,2019,0
"Jagtial ",2019-10-01,October,2019,0
"Jagtial ",2019-11-01,November,2019,0
"Jagtial ",2019-12-01,December,2019,0
"Jangaon ",2019-01-01,January,2019,0
"Jangaon ",2019-02-01,February,2019,0
"Jangaon ",2019-03-01,March,2019,0
"Jangaon ",2019-04-01,April,2019,0
"Jangaon ",2019-05-01,May,2019,0
"Jangaon ",2019-06-01,June,2019,0
"Jangaon ",2019-07-01,July,2019,0
"Jangaon ",2019-08-01,August,2019,0
"Jangaon ",2019-09-01,September,2019,0
"Jangaon ",2019-10-01,October,2019,0
"Jangaon ",2019-11-01,November,2019,0
"Jangaon ",2019-12-01,December,2019,0
"Jayashankar Bhoopalpally",2019-01-01,January,2019,"45"
"Jayashankar Bhoopalpally",2019-02-01,February,2019,0
"Jayashankar Bhoopalpally",2019-03-01,March,2019,0
"Jayashankar Bhoopalpally",2019-04-01,April,2019,0
"Jayashankar Bhoopalpally",2019-05-01,May,2019,0
"Jayashankar Bhoopalpally",2019-06-01,June,2019,0
"Jayashankar Bhoopalpally",2019-07-01,July,2019,0
"Jayashankar Bhoopalpally",2019-08-01,August,2019,0
"Jayashankar Bhoopalpally",2019-09-01,September,2019,0
"Jayashankar Bhoopalpally",2019-10-01,October,2019,0
"Jayashankar Bhoopalpally",2019-11-01,November,2019,0
"Jayashankar Bhoopalpally",2019-12-01,December,2019,0
"Jogulamba Gadwal ",2019-01-01,January,2019,"36"
"Jogulamba Gadwal ",2019-02-01,February,2019,"6"
"Jogulamba Gadwal ",2019-03-01,March,2019,"22"
"Jogulamba Gadwal ",2019-04-01,April,2019,"16"
"Jogulamba Gadwal ",2019-05-01,May,2019,"20"
"Jogulamba Gadwal ",2019-06-01,June,2019,"22"
"Jogulamba Gadwal ",2019-07-01,July,2019,"37"
"Jogulamba Gadwal ",2019-08-01,August,2019,"42"
"Jogulamba Gadwal ",2019-09-01,September,2019,"25"
"Jogulamba Gadwal ",2019-10-01,October,2019,"13"
"Jogulamba Gadwal ",2019-11-01,November,2019,"45"
"Jogulamba Gadwal ",2019-12-01,December,2019,"11"
"Kamareddy ",2019-01-01,January,2019,0
"Kamareddy ",2019-02-01,February,2019,0
"Kamareddy ",2019-03-01,March,2019,0
"Kamareddy ",2019-04-01,April,2019,0
"Kamareddy ",2019-05-01,May,2019,0
"Kamareddy ",2019-06-01,June,2019,0
"Kamareddy ",2019-07-01,July,2019,0
"Kamareddy ",2019-08-01,August,2019,0
"Kamareddy ",2019-09-01,September,2019,0
"Kamareddy ",2019-10-01,October,2019,0
"Kamareddy ",2019-11-01,November,2019,0
"Kamareddy ",2019-12-01,December,2019,0
"Karimnagar ",2019-01-01,January,2019,0
"Karimnagar ",2019-02-01,February,2019,0
"Karimnagar ",2019-03-01,March,2019,0
"Karimnagar ",2019-04-01,April,2019,0
"Karimnagar ",2019-05-01,May,2019,0
"Karimnagar ",2019-06-01,June,2019,0
"Karimnagar ",2019-07-01,July,2019,0
"Karimnagar ",2019-08-01,August,2019,0
"Karimnagar ",2019-09-01,September,2019,0
"Karimnagar ",2019-10-01,October,2019,0
"Karimnagar ",2019-11-01,November,2019,0
"Karimnagar ",2019-12-01,December,2019,0
Khammam,2019-01-01,January,2019,0
Khammam,2019-02-01,February,2019,0
Khammam,2019-03-01,March,2019,0
Khammam,2019-04-01,April,2019,0
Khammam,2019-05-01,May,2019,0
Khammam,2019-06-01,June,2019,0
Khammam,2019-07-01,July,2019,0
Khammam,2019-08-01,August,2019,0
Khammam,2019-09-01,September,2019,0
Khammam,2019-10-01,October,2019,0
Khammam,2019-11-01,November,2019,0
Khammam,2019-12-01,December,2019,0
"Komaram Bheem Asifabad",2019-01-01,January,2019,0
"Komaram Bheem Asifabad",2019-02-01,February,2019,0
"Komaram Bheem Asifabad",2019-03-01,March,2019,0
"Komaram Bheem Asifabad",2019-04-01,April,2019,0
"Komaram Bheem Asifabad",2019-05-01,May,2019,0
"Komaram Bheem Asifabad",2019-06-01,June,2019,0
"Komaram Bheem Asifabad",2019-07-01,July,2019,0
"Komaram Bheem Asifabad",2019-08-01,August,2019,0
"Komaram Bheem Asifabad",2019-09-01,September,2019,0
"Komaram Bheem Asifabad",2019-10-01,October,2019,0
"Komaram Bheem Asifabad",2019-11-01,November,2019,0
"Komaram Bheem Asifabad",2019-12-01,December,2019,0
"Mahabubabad ",2019-01-01,January,2019,0
"Mahabubabad ",2019-02-01,February,2019,0
"Mahabubabad ",2019-03-01,March,2019,0
"Mahabubabad ",2019-04-01,April,2019,0
"Mahabubabad ",2019-05-01,May,2019,0
"Mahabubabad ",2019-06-01,June,2019,0
"Mahabubabad ",2019-07-01,July,2019,0
"Mahabubabad ",2019-08-01,August,2019,0
"Mahabubabad ",2019-09-01,September,2019,0
"Mahabubabad ",2019-10-01,October,2019,0
"Mahabubabad ",2019-11-01,November,2019,0
"Mahabubabad ",2019-12-01,December,2019,0
Mahbubnagar,2019-01-01,January,2019,"45"
Mahbubnagar,2019-02-01,February,2019,"29"
Mahbubnagar,2019-03-01,March,2019,"28"
Mahbubnagar,2019-04-01,April,2019,"34"
Mahbubnagar,2019-05-01,May,2019,"20"
Mahbubnagar,2019-06-01,June,2019,"28"
Mahbubnagar,2019-07-01,July,2019,"47"
Mahbubnagar,2019-08-01,August,2019,"44"
Mahbubnagar,2019-09-01,September,2019,"34"
Mahbubnagar,2019-10-01,October,2019,"37"
Mahbubnagar,2019-11-01,November,2019,"68"
Mahbubnagar,2019-12-01,December,2019,"26"
Mancherial,2019-01-01,January,2019,0
Mancherial,2019-02-01,February,2019,0
Mancherial,2019-03-01,March,2019,0
Mancherial,2019-04-01,April,2019,0
Mancherial,2019-05-01,May,2019,0
Mancherial,2019-06-01,June,2019,0
Mancherial,2019-07-01,July,2019,0
Mancherial,2019-08-01,August,2019,0
Mancherial,2019-09-01,September,2019,0
Mancherial,2019-10-01,October,2019,0
Mancherial,2019-11-01,November,2019,"10"
Mancherial,2019-12-01,December,2019,0
"Medak ",2019-01-01,January,2019,0
"Medak ",2019-02-01,February,2019,0
"Medak ",2019-03-01,March,2019,0
"Medak ",2019-04-01,April,2019,0
"Medak ",2019-05-01,May,2019,0
"Medak ",2019-06-01,June,2019,0
"Medak ",2019-07-01,July,2019,0
"Medak ",2019-08-01,August,2019,0
"Medak ",2019-09-01,September,2019,0
"Medak ",2019-10-01,October,2019,0
"Medak ",2019-11-01,November,2019,0
"Medak ",2019-12-01,December,2019,0
"Medchal ",2019-01-01,January,2019,0
"Medchal ",2019-02-01,February,2019,0
"Medchal ",2019-03-01,March,2019,0
"Medchal ",2019-04-01,April,2019,0
"Medchal ",2019-05-01,May,2019,0
"Medchal ",2019-06-01,June,2019,0
"Medchal ",2019-07-01,July,2019,0
"Medchal ",2019-08-01,August,2019,0
"Medchal ",2019-09-01,September,2019,0
"Medchal ",2019-10-01,October,2019,0
"Medchal ",2019-11-01,November,2019,0
"Medchal ",2019-12-01,December,2019,0
Mulugu,2019-01-01,January,2019,0
Mulugu,2019-02-01,February,2019,"45"
Mulugu,2019-03-01,March,2019,"40"
Mulugu,2019-04-01,April,2019,"40"
Mulugu,2019-05-01,May,2019,"40"
Mulugu,2019-06-01,June,2019,"50"
Mulugu,2019-07-01,July,2019,"55"
Mulugu,2019-08-01,August,2019,"50"
Mulugu,2019-09-01,September,2019,"60"
Mulugu,2019-10-01,October,2019,"60"
Mulugu,2019-11-01,November,2019,"70"
Mulugu,2019-12-01,December,2019,"65"
"Nagarkurnool ",2019-01-01,January,2019,"35"
"Nagarkurnool ",2019-02-01,February,2019,"15"
"Nagarkurnool ",2019-03-01,March,2019,"14"
"Nagarkurnool ",2019-04-01,April,2019,"18"
"Nagarkurnool ",2019-05-01,May,2019,"14"
"Nagarkurnool ",2019-06-01,June,2019,"14"
"Nagarkurnool ",2019-07-01,July,2019,"17"
"Nagarkurnool ",2019-08-01,August,2019,"22"
"Nagarkurnool ",2019-09-01,September,2019,"7"
"Nagarkurnool ",2019-10-01,October,2019,"3"
"Nagarkurnool ",2019-11-01,November,2019,"30"
"Nagarkurnool ",2019-12-01,December,2019,"10"
Nalgonda,2019-01-01,January,2019,0
Nalgonda,2019-02-01,February,2019,0
Nalgonda,2019-03-01,March,2019,0
Nalgonda,2019-04-01,April,2019,0
Nalgonda,2019-05-01,May,2019,0
Nalgonda,2019-06-01,June,2019,0
Nalgonda,2019-07-01,July,2019,0
Nalgonda,2019-08-01,August,2019,0
Nalgonda,2019-09-01,September,2019,0
Nalgonda,2019-10-01,October,2019,0
Nalgonda,2019-11-01,November,2019,0
Nalgonda,2019-12-01,December,2019,0
Narayanpet,2019-01-01,January,2019,0
Narayanpet,2019-02-01,February,2019,0
Narayanpet,2019-03-01,March,2019,0
Narayanpet,2019-04-01,April,2019,0
Narayanpet,2019-05-01,May,2019,0
Narayanpet,2019-06-01,June,2019,0
Narayanpet,2019-07-01,July,2019,0
Narayanpet,2019-08-01,August,2019,0
Narayanpet,2019-09-01,September,2019,0
Narayanpet,2019-10-01,October,2019,0
Narayanpet,2019-11-01,November,2019,0
Narayanpet,2019-12-01,December,2019,"5"
Nirmal,2019-01-01,January,2019,0
Nirmal,2019-02-01,February,2019,0
Nirmal,2019-03-01,March,2019,0
Nirmal,2019-04-01,April,2019,0
Nirmal,2019-05-01,May,2019,0
Nirmal,2019-06-01,June,2019,0
Nirmal,2019-07-01,July,2019,0
Nirmal,2019-08-01,August,2019,0
Nirmal,2019-09-01,September,2019,0
Nirmal,2019-10-01,October,2019,0
Nirmal,2019-11-01,November,2019,0
Nirmal,2019-12-01,December,2019,0
Nizamabad,2019-01-01,January,2019,0
Nizamabad,2019-02-01,February,2019,"1"
Nizamabad,2019-03-01,March,2019,0
Nizamabad,2019-04-01,April,2019,0
Nizamabad,2019-05-01,May,2019,0
Nizamabad,2019-06-01,June,2019,0
Nizamabad,2019-07-01,July,2019,0
Nizamabad,2019-08-01,August,2019,0
Nizamabad,2019-09-01,September,2019,0
Nizamabad,2019-10-01,October,2019,0
Nizamabad,2019-11-01,November,2019,0
Nizamabad,2019-12-01,December,2019,0
Peddapalli,2019-01-01,January,2019,0
Peddapalli,2019-02-01,February,2019,0
Peddapalli,2019-03-01,March,2019,0
Peddapalli,2019-04-01,April,2019,0
Peddapalli,2019-05-01,May,2019,0
Peddapalli,2019-06-01,June,2019,0
Peddapalli,2019-07-01,July,2019,0
Peddapalli,2019-08-01,August,2019,0
Peddapalli,2019-09-01,September,2019,0
Peddapalli,2019-10-01,October,2019,0
Peddapalli,2019-11-01,November,2019,0
Peddapalli,2019-12-01,December,2019,0
"Rajanna Sircilla ",2019-01-01,January,2019,0
"Rajanna Sircilla ",2019-02-01,February,2019,0
"Rajanna Sircilla ",2019-03-01,March,2019,0
"Rajanna Sircilla ",2019-04-01,April,2019,0
"Rajanna Sircilla ",2019-05-01,May,2019,0
"Rajanna Sircilla ",2019-06-01,June,2019,0
"Rajanna Sircilla ",2019-07-01,July,2019,0
"Rajanna Sircilla ",2019-08-01,August,2019,0
"Rajanna Sircilla ",2019-09-01,September,2019,0
"Rajanna Sircilla ",2019-10-01,October,2019,0
"Rajanna Sircilla ",2019-11-01,November,2019,0
"Rajanna Sircilla ",2019-12-01,December,2019,0
"Ranga Reddy",2019-01-01,January,2019,0
"Ranga Reddy",2019-02-01,February,2019,0
"Ranga Reddy",2019-03-01,March,2019,0
"Ranga Reddy",2019-04-01,April,2019,0
"Ranga Reddy",2019-05-01,May,2019,0
"Ranga Reddy",2019-06-01,June,2019,0
"Ranga Reddy",2019-07-01,July,2019,0
"Ranga Reddy",2019-08-01,August,2019,0
"Ranga Reddy",2019-09-01,September,2019,0
"Ranga Reddy",2019-10-01,October,2019,0
"Ranga Reddy",2019-11-01,November,2019,0
"Ranga Reddy",2019-12-01,December,2019,0
"Sangareddy ",2019-01-01,January,2019,0
"Sangareddy ",2019-02-01,February,2019,0
"Sangareddy ",2019-03-01,March,2019,0
"Sangareddy ",2019-04-01,April,2019,0
"Sangareddy ",2019-05-01,May,2019,0
"Sangareddy ",2019-06-01,June,2019,0
"Sangareddy ",2019-07-01,July,2019,0
"Sangareddy ",2019-08-01,August,2019,0
"Sangareddy ",2019-09-01,September,2019,0
"Sangareddy ",2019-10-01,October,2019,0
"Sangareddy ",2019-11-01,November,2019,0
"Sangareddy ",2019-12-01,December,2019,0
Siddipet,2019-01-01,January,2019,0
Siddipet,2019-02-01,February,2019,0
Siddipet,2019-03-01,March,2019,0
Siddipet,2019-04-01,April,2019,0
Siddipet,2019-05-01,May,2019,0
Siddipet,2019-06-01,June,2019,0
Siddipet,2019-07-01,July,2019,0
Siddipet,2019-08-01,August,2019,0
Siddipet,2019-09-01,September,2019,0
Siddipet,2019-10-01,October,2019,0
Siddipet,2019-11-01,November,2019,0
Siddipet,2019-12-01,December,2019,0
Suryapet,2019-01-01,January,2019,0
Suryapet,2019-02-01,February,2019,0
Suryapet,2019-03-01,March,2019,0
Suryapet,2019-04-01,April,2019,0
Suryapet,2019-05-01,May,2019,0
Suryapet,2019-06-01,June,2019,0
Suryapet,2019-07-01,July,2019,0
Suryapet,2019-08-01,August,2019,0
Suryapet,2019-09-01,September,2019,0
Suryapet,2019-10-01,October,2019,0
Suryapet,2019-11-01,November,2019,0
Suryapet,2019-12-01,December,2019,0
Vikarabad,2019-01-01,January,2019,0
Vikarabad,2019-02-01,February,2019,0
Vikarabad,2019-03-01,March,2019,0
Vikarabad,2019-04-01,April,2019,0
Vikarabad,2019-05-01,May,2019,0
Vikarabad,2019-06-01,June,2019,0
Vikarabad,2019-07-01,July,2019,0
Vikarabad,2019-08-01,August,2019,0
Vikarabad,2019-09-01,September,2019,0
Vikarabad,2019-10-01,October,2019,0
Vikarabad,2019-11-01,November,2019,0
Vikarabad,2019-12-01,December,2019,0
"Wanaparthy ",2019-01-01,January,2019,0
"Wanaparthy ",2019-02-01,February,2019,0
"Wanaparthy ",2019-03-01,March,2019,0
"Wanaparthy ",2019-04-01,April,2019,0
"Wanaparthy ",2019-05-01,May,2019,0
"Wanaparthy ",2019-06-01,June,2019,0
"Wanaparthy ",2019-07-01,July,2019,0
"Wanaparthy ",2019-08-01,August,2019,0
"Wanaparthy ",2019-09-01,September,2019,0
"Wanaparthy ",2019-10-01,October,2019,0
"Wanaparthy ",2019-11-01,November,2019,0
"Wanaparthy ",2019-12-01,December,2019,0
"Warangal (Rural)",2019-01-01,January,2019,0
"Warangal (Rural)",2019-02-01,February,2019,0
"Warangal (Rural)",2019-03-01,March,2019,0
"Warangal (Rural)",2019-04-01,April,2019,0
"Warangal (Rural)",2019-05-01,May,2019,0
"Warangal (Rural)",2019-06-01,June,2019,0
"Warangal (Rural)",2019-07-01,July,2019,0
"Warangal (Rural)",2019-08-01,August,2019,0
"Warangal (Rural)",2019-09-01,September,2019,0
"Warangal (Rural)",2019-10-01,October,2019,0
"Warangal (Rural)",2019-11-01,November,2019,0
"Warangal (Rural)",2019-12-01,December,2019,0
"Warangal (Urban)",2019-01-01,January,2019,"175"
"Warangal (Urban)",2019-02-01,February,2019,"200"
"Warangal (Urban)",2019-03-01,March,2019,"200"
"Warangal (Urban)",2019-04-01,April,2019,"190"
"Warangal (Urban)",2019-05-01,May,2019,"175"
"Warangal (Urban)",2019-06-01,June,2019,"195"
"Warangal (Urban)",2019-07-01,July,2019,"185"
"Warangal (Urban)",2019-08-01,August,2019,"230"
"Warangal (Urban)",2019-09-01,September,2019,"240"
"Warangal (Urban)",2019-10-01,October,2019,"220"
"Warangal (Urban)",2019-11-01,November,2019,"230"
"Warangal (Urban)",2019-12-01,December,2019,"210"
"Yadadri Bhongir",2019-01-01,January,2019,0
"Yadadri Bhongir",2019-02-01,February,2019,0
"Yadadri Bhongir",2019-03-01,March,2019,0
"Yadadri Bhongir",2019-04-01,April,2019,0
"Yadadri Bhongir",2019-05-01,May,2019,0
"Yadadri Bhongir",2019-06-01,June,2019,0
"Yadadri Bhongir",2019-07-01,July,2019,0
"Yadadri Bhongir",2019-08-01,August,2019,0
"Yadadri Bhongir",2019-09-01,September,2019,0
"Yadadri Bhongir",2019-10-01,October,2019,0
"Yadadri Bhongir",2019-11-01,November,2019,0
"Yadadri Bhongir",2019-12-01,December,2019,0
