district,footfall_ratio_2019
Hyderabad,0.07666864761355928
Hyderabad,0.07666864761355928
Mulugu,0.002112324217888998
Mulugu,0.002112324217888998
Mancherial,0.000011732421020274796
Mancherial,0.000011732421020274796
Narayanpet,0.000008351497841137808
Narayanpet,0.000008351497841137808
Adilabad,0.0000080131522538994
Adilabad,0.0000080131522538994
Nizamabad,0.0000006026968272230925
Nizamabad,0.0000006026968272230925
Khammam,0
"Komaram Bheem Asifabad",0
Nalgonda,0
Nirmal,0
Peddapalli,0
"Ranga Reddy",0
Siddipet,0
Suryapet,0
Vikarabad,0
Khammam,0
"Komaram Bheem Asifabad",0
Nalgonda,0
Nirmal,0
Peddapalli,0
"Ranga Reddy",0
Siddipet,0
Suryapet,0
Vikarabad,0
