district,total_foreign_visitors_in_2016,total_foreign_visitors_in_2019,CAGR
"Nagarkurnool ",29,199,90.03
"Jogulamba Gadwal ",45,295,87.16
Hyderabad,163631,319300,24.96
"Warangal (Urban)",1899,2450,8.86
Adilabad,10,6,-15.66
"Jayashankar Bhoopalpally",86,45,-19.42
Mahbubnagar,868,440,-20.27
"Jangaon ",2,0,-100
"Bhadradri Kothagudem ",0,0,NULL
"Jagtial ",0,0,NULL
"Kamareddy ",0,0,NULL
"Karimnagar ",0,0,NULL
Khammam,0,0,NULL
"Komaram Bheem Asifabad",0,0,NULL
"Mahabubabad ",0,0,NULL
Mancherial,0,10,NULL
"Medak ",0,0,NULL
Nalgonda,0,0,NULL
Nirmal,0,0,NULL
Nizamabad,0,1,NULL
Peddapalli,0,0,NULL
"Rajanna Sircilla ",0,0,NULL
"Ranga Reddy",0,0,NULL
"Sangareddy ",0,0,NULL
Siddipet,0,0,NULL
Suryapet,0,0,NULL
Vikarabad,0,0,NULL
"Wanaparthy ",0,0,NULL
"Warangal (Rural)",0,0,NULL
"Medchal ",0,0,NULL
"Yadadri Bhongir",0,0,NULL
Mulugu,0,575,NULL
Narayanpet,0,5,NULL
